date,temperature,humidity,pressure,wind_speed,precipitation,rain,injected_fault,isolation_prediction,isolation_anomaly,isolation_score,temperature_change,humidity_change,pressure_change,temperature_spike,temperature_flatline,temperature_drift,humidity_spike,pressure_change_flag,sensor_dropout,cross_sensor_inconsistency,cross_sensor_result,cross_sensor_reason,station_b_temperature,station_b_humidity,station_b_pressure,station_c_temperature,station_c_humidity,station_c_pressure,temperature_difference_b,humidity_difference_b,pressure_difference_b,temperature_difference_c,humidity_difference_c,pressure_difference_c,spatial_inconsistency,spatial_result,spatial_reason,temperature_difference,humidity_difference,pressure_difference,temporal_evidence,temporal_result,evidence_count,final_status,fault_type,confidence_score,confidence_percent,confidence,severity,reason,recommendation
2026-08-31 20:00:00+05:30,26.85,85.43747,1000.03625,12.399113,0.0,0.0,NONE,1,False,0.1439284839618426,,,,False,False,False,False,False,False,False,NORMAL,NORMAL,26.5,86.95532,1001.3703,26.95,83.92314,996.5192,0.3500000000000014,1.5178499999999957,1.3340500000000475,0.09999999999999787,1.514330000000001,3.51705000000004,False,NORMAL,NORMAL,0.3500000000000014,1.5178499999999957,3.51705000000004,False,NORMAL,0,NORMAL,NONE,0,0.0,LOW,NORMAL,All monitoring checks normal.,Continue normal monitoring.
2026-08-31 21:00:00+05:30,26.3,87.461006,1000.0282,11.230904,0.1,0.1,NONE,1,False,0.12286779186588531,-0.5500000000000007,2.023535999999993,-0.008050000000025648,False,False,False,False,False,False,False,NORMAL,NORMAL,25.95,92.006,1001.364,26.25,89.58023,996.5996,0.3500000000000014,4.544994000000003,1.335800000000063,0.05000000000000071,2.1192240000000027,3.4285999999999603,False,NORMAL,NORMAL,0.3500000000000014,4.544994000000003,3.4285999999999603,False,NORMAL,0,NORMAL,NONE,0,0.0,LOW,NORMAL,All monitoring checks normal.,Continue normal monitoring.
2026-08-31 22:00:00+05:30,25.95,88.75499,1000.12244,10.717182,0.1,0.1,NONE,1,False,0.10749716630656364,-0.3500000000000014,1.293984000000009,0.09424000000001342,False,False,False,False,False,False,False,NORMAL,NORMAL,25.9,91.454,1001.26373,26.05,90.374565,996.5943,0.05000000000000071,2.699009999999987,1.1412900000000263,0.10000000000000142,1.6195749999999975,3.5281400000000076,False,NORMAL,NORMAL,0.10000000000000142,2.699009999999987,3.5281400000000076,False,NORMAL,0,NORMAL,NONE,0,0.0,LOW,NORMAL,All monitoring checks normal.,Continue normal monitoring.
2026-08-31 23:00:00+05:30,26.1,89.301056,999.62683,8.490582,0.6,0.6,NONE,1,False,0.02265746169178473,0.15000000000000213,0.5460659999999962,-0.4956099999999424,False,False,False,False,False,False,False,NORMAL,NORMAL,25.75,92.27051,1000.7638,26.05,90.374565,996.0983,0.3500000000000014,2.969453999999999,1.1369699999999057,0.05000000000000071,1.0735090000000014,3.528530000000046,False,NORMAL,NORMAL,0.3500000000000014,2.969453999999999,3.528530000000046,False,NORMAL,0,NORMAL,NONE,0,0.0,LOW,NORMAL,All monitoring checks normal.,Continue normal monitoring.
2026-09-01 00:00:00+05:30,25.75,91.71935,999.42236,10.717182,0.2,0.2,NONE,1,False,0.0592697324799884,-0.3500000000000014,2.418294000000003,-0.2044700000000148,False,False,False,False,False,False,False,NORMAL,NORMAL,25.8,91.997444,1000.5652,25.85,92.27607,995.89465,0.05000000000000071,0.27809399999999584,1.1428399999999783,0.10000000000000142,0.5567199999999985,3.52771000000007,False,NORMAL,NORMAL,0.10000000000000142,0.5567199999999985,3.52771000000007,False,NORMAL,0,NORMAL,NONE,0,0.0,LOW,NORMAL,All monitoring checks normal.,Continue normal monitoring.
2026-09-01 01:00:00+05:30,25.75,90.08314,998.9247,10.070353,0.0,0.0,NONE,1,False,0.09761272884339428,0.0,-1.6362100000000055,-0.4976599999999962,False,False,False,False,False,False,False,NORMAL,NORMAL,25.85,88.747086,1000.06714,25.85,89.82011,995.3987,0.10000000000000142,1.3360540000000043,1.142439999999965,0.10000000000000142,0.26303000000000054,3.5260000000000673,False,NORMAL,NORMAL,0.10000000000000142,1.3360540000000043,3.5260000000000673,False,NORMAL,0,NORMAL,NONE,0,0.0,LOW,NORMAL,All monitoring checks normal.,Continue normal monitoring.
2026-09-01 02:00:00+05:30,26.05,85.61492,998.6308,10.717182,0.0,0.0,NONE,1,False,0.1278498019363078,0.3000000000000007,-4.468220000000002,-0.2939000000000078,False,False,False,False,False,False,False,NORMAL,NORMAL,26.15,84.59811,999.7716,26.15,85.62482,995.10925,0.09999999999999787,1.0168099999999924,1.140800000000013,0.09999999999999787,0.009900000000001796,3.5215500000000475,False,NORMAL,NORMAL,0.09999999999999787,1.0168099999999924,3.5215500000000475,False,NORMAL,0,NORMAL,NONE,0,0.0,LOW,NORMAL,All monitoring checks normal.,Continue normal monitoring.
2026-09-01 03:00:00+05:30,26.25,81.594696,998.4345,10.337079,0.0,0.0,NONE,1,False,0.13431519878950898,0.1999999999999993,-4.020223999999999,-0.19630000000006476,False,False,False,False,False,False,False,NORMAL,NORMAL,26.25,81.10162,999.6732,26.2,82.33325,994.9121,0.0,0.49307600000000207,1.2386999999999944,0.05000000000000071,0.7385540000000077,3.522399999999948,False,NORMAL,NORMAL,0.05000000000000071,0.7385540000000077,3.522399999999948,False,NORMAL,0,NORMAL,NONE,0,0.0,LOW,NORMAL,All monitoring checks normal.,Continue normal monitoring.
2026-09-01 04:00:00+05:30,26.45,78.22637,998.6367,10.8955765,0.0,0.0,NONE,1,False,0.1488559746612394,0.1999999999999993,-3.368325999999996,0.20220000000006166,False,False,False,False,False,False,False,NORMAL,NORMAL,26.35,77.974304,999.97345,26.35,78.68931,995.2137,0.09999999999999787,0.25206599999999924,1.3367499999999382,0.09999999999999787,0.46294000000000324,3.423000000000002,False,NORMAL,NORMAL,0.09999999999999787,0.46294000000000324,3.423000000000002,False,NORMAL,0,NORMAL,NONE,0,0.0,LOW,NORMAL,All monitoring checks normal.,Continue normal monitoring.
2026-09-01 05:00:00+05:30,26.35,79.651566,998.8343,9.181765,0.0,0.0,NONE,1,False,0.14452204175721411,-0.09999999999999787,1.4251959999999997,0.1975999999999658,False,False,False,False,False,False,False,NORMAL,NORMAL,27.0,72.12714,1000.0803,26.65,76.3743,995.32104,0.6499999999999986,7.524426000000005,1.245999999999981,0.29999999999999716,3.2772659999999973,3.5132599999999456,False,NORMAL,NORMAL,0.6499999999999986,7.524426000000005,3.5132599999999456,False,NORMAL,0,NORMAL,NONE,0,0.0,LOW,NORMAL,All monitoring checks normal.,Continue normal monitoring.
2026-09-01 06:00:00+05:30,51.9,76.41275,999.5395,9.734988,0.0,0.0,TEMPERATURE_SPIKE,-1,True,-0.05263529518753163,25.549999999999997,-3.238816,0.7051999999999907,True,False,False,False,False,False,False,NORMAL,NORMAL,27.45,71.33041,1000.7833,27.05,75.28301,996.02594,24.45,5.082340000000002,1.2438000000000784,24.849999999999998,1.1297399999999982,3.513559999999984,True,PRIMARY POSSIBLE OUTLIER,STATION B TEMPERATURE DIFFERENCE; STATION C TEMPERATURE DIFFERENCE,24.849999999999998,5.082340000000002,3.513559999999984,True,TEMPERATURE_SPIKE,3,SENSOR FAULT,TEMPERATURE SPIKE,3,75.0,HIGH,CRITICAL,Isolation Forest anomaly; sudden temperature change; PRIMARY POSSIBLE OUTLIER,Inspect temperature sensor and verify calibration.
2026-09-01 07:00:00+05:30,28.15,72.54859,1000.6534,9.208192,0.0,0.0,NONE,1,False,0.1928544748060403,-23.75,-3.8641599999999983,1.1139000000000578,True,False,False,False,False,False,False,NORMAL,NORMAL,28.45,70.86213,1001.89087,28.25,72.78605,997.1491,0.3000000000000007,1.686460000000011,1.2374699999999166,0.10000000000000142,0.23745999999999867,3.5043000000000575,False,NORMAL,NORMAL,0.3000000000000007,1.686460000000011,3.5043000000000575,True,TEMPERATURE_SPIKE,1,SENSOR FAULT,TEMPERATURE SPIKE,1,50.0,MEDIUM,CRITICAL,sudden temperature change,Inspect temperature sensor and verify calibration.
2026-09-01 08:00:00+05:30,30.05,65.990166,1001.08,11.928989,0.0,0.0,NONE,1,False,0.18516797812623553,1.9000000000000021,-6.558424000000002,0.42660000000000764,False,False,False,False,False,False,False,NORMAL,NORMAL,30.0,65.78048,1002.30676,30.05,67.40105,997.5934,0.05000000000000071,0.20968600000000492,1.226760000000013,0.0,1.4108839999999958,3.4866000000000668,False,NORMAL,NORMAL,0.05000000000000071,1.4108839999999958,3.4866000000000668,False,NORMAL,0,NORMAL,NONE,0,0.0,LOW,NORMAL,All monitoring checks normal.,Continue normal monitoring.
2026-09-01 09:00:00+05:30,31.75,58.987236,1000.9062,11.609651,0.0,0.0,NONE,1,False,0.16335191960989787,1.6999999999999993,-7.002929999999999,-0.17380000000002838,False,False,False,False,False,False,False,NORMAL,NORMAL,31.4,60.905266,1002.12317,31.65,60.961117,997.437,0.3500000000000014,1.9180299999999946,1.2169699999999466,0.10000000000000142,1.9738809999999987,3.4692000000000007,False,NORMAL,NORMAL,0.3500000000000014,1.9738809999999987,3.4692000000000007,False,NORMAL,0,NORMAL,NONE,0,0.0,LOW,NORMAL,All monitoring checks normal.,Continue normal monitoring.
2026-09-01 10:00:00+05:30,32.8,55.757587,1001.12054,11.190442,0.0,0.0,NONE,1,False,0.1481702605753351,1.0499999999999972,-3.229649000000002,0.21433999999999287,False,False,False,False,False,False,False,NORMAL,NORMAL,32.25,59.46022,1002.43134,32.55,58.461555,997.75775,0.5499999999999972,3.7026329999999987,1.310799999999972,0.25,2.703967999999996,3.362790000000018,False,NORMAL,NORMAL,0.5499999999999972,3.7026329999999987,3.362790000000018,False,NORMAL,0,NORMAL,NONE,0,0.0,LOW,NORMAL,All monitoring checks normal.,Continue normal monitoring.
2026-09-01 11:00:00+05:30,34.05,51.358322,1000.54144,10.120098,0.0,0.0,NONE,1,False,0.1305019119980963,1.25,-4.399265,-0.5791000000000395,False,False,False,False,False,False,False,NORMAL,NORMAL,33.55,55.60133,1001.74805,33.85,54.84125,997.0968,0.5,4.243007999999996,1.2066100000000688,0.19999999999999574,3.482928000000001,3.4446399999999358,False,NORMAL,NORMAL,0.5,4.243007999999996,3.4446399999999358,False,NORMAL,0,NORMAL,NONE,0,0.0,LOW,NORMAL,All monitoring checks normal.,Continue normal monitoring.
2026-09-01 12:00:00+05:30,34.4,50.981155,999.8496,8.865799,0.1,0.0,NONE,1,False,0.0875923626741772,0.3500000000000014,-0.37716700000000003,-0.6918399999999565,False,False,False,False,False,False,False,NORMAL,NORMAL,33.9,52.900803,1000.9545,34.35,52.85266,996.3159,0.5,1.9196480000000022,1.1049000000000433,0.04999999999999716,1.871504999999999,3.5336999999999534,False,NORMAL,NORMAL,0.5,1.9196480000000022,3.5336999999999534,False,NORMAL,0,NORMAL,NONE,0,0.0,LOW,NORMAL,All monitoring checks normal.,Continue normal monitoring.
2026-09-01 13:00:00+05:30,34.45,49.770958,998.6555,9.422101,0.0,0.0,NONE,1,False,0.10609383600375533,0.05000000000000426,-1.2101970000000009,-1.1941000000000486,False,False,False,False,False,False,False,NORMAL,NORMAL,33.6,52.50655,999.95465,34.05,52.459713,995.217,0.8500000000000014,2.735591999999997,1.2991500000000542,0.4000000000000057,2.6887550000000005,3.4384999999999764,False,NORMAL,NORMAL,0.8500000000000014,2.735591999999997,3.4384999999999764,False,NORMAL,0,NORMAL,NONE,0,0.0,LOW,NORMAL,All monitoring checks normal.,Continue normal monitoring.
2026-09-01 14:00:00+05:30,34.95,47.67748,997.9659,9.6480665,0.0,0.0,NONE,1,False,0.0757953764308612,0.5,-2.0934779999999975,-0.6895999999999276,False,False,False,False,False,False,False,NORMAL,NORMAL,34.15,50.609478,999.2629,34.75,49.54622,994.5403,0.8000000000000043,2.931998,1.2969999999999118,0.20000000000000284,1.8687399999999954,3.4256000000000313,False,NORMAL,NORMAL,0.8000000000000043,2.931998,3.4256000000000313,False,NORMAL,0,NORMAL,NONE,0,0.0,LOW,NORMAL,All monitoring checks normal.,Continue normal monitoring.
2026-09-01 15:00:00+05:30,34.8,46.774223,997.6649,11.503113,0.0,0.0,NONE,1,False,0.061262762164407514,-0.15000000000000568,-0.9032570000000035,-0.30100000000004457,False,False,False,False,False,False,False,NORMAL,NORMAL,33.45,53.596012,998.9561,34.05,52.142944,994.3241,1.3499999999999943,6.8217890000000025,1.2912000000000035,0.75,5.368721000000001,3.3407999999999447,False,NORMAL,NORMAL,1.3499999999999943,6.8217890000000025,3.3407999999999447,False,NORMAL,0,NORMAL,NONE,0,0.0,LOW,NORMAL,All monitoring checks normal.,Continue normal monitoring.
2026-09-01 16:00:00+05:30,36.85,49.143486,997.95715,9.107359,0.0,0.0,TEMPERATURE_DRIFT,1,False,0.05451753233891743,2.0500000000000043,2.3692630000000037,0.29224999999996726,False,False,False,False,False,False,False,NORMAL,NORMAL,33.05,58.93038,999.2507,33.6,57.31226,994.51105,3.8000000000000043,9.786893999999997,1.2935500000000957,3.25,8.168773999999999,3.4461000000000013,False,NORMAL,NORMAL,3.8000000000000043,9.786893999999997,3.4461000000000013,False,NORMAL,0,NORMAL,NONE,0,0.0,LOW,NORMAL,All monitoring checks normal.,Continue normal monitoring.
2026-09-01 17:00:00+05:30,37.55,55.866737,998.7275,12.145665,0.0,0.0,TEMPERATURE_DRIFT,1,False,0.08206188401102038,0.6999999999999957,6.723250999999998,0.7703500000000076,False,False,False,False,False,False,False,NORMAL,NORMAL,31.15,63.481594,1000.0274,31.65,62.638752,995.25446,6.399999999999999,7.614857000000001,1.2998999999999796,5.899999999999999,6.772014999999996,3.473039999999969,True,PRIMARY POSSIBLE OUTLIER,STATION B TEMPERATURE DIFFERENCE; STATION C TEMPERATURE DIFFERENCE,6.399999999999999,7.614857000000001,3.473039999999969,False,NORMAL,1,POSSIBLE ANOMALY,TEMPERATURE SENSOR BIAS,1,25.0,LOW,LOW,PRIMARY POSSIBLE OUTLIER,Compare temperature sensor with nearby stations and recalibrate if required.
2026-09-01 18:00:00+05:30,39.15,57.72345,999.909,11.588701,0.0,0.0,TEMPERATURE_DRIFT,1,False,0.08045621384016088,1.6000000000000014,1.8567129999999992,1.1815000000000282,False,False,False,False,False,False,False,NORMAL,NORMAL,30.4,62.366783,1001.21484,30.65,62.42138,996.5182,8.75,4.643332999999998,1.3058399999999892,8.5,4.6979299999999995,3.390800000000013,True,PRIMARY POSSIBLE OUTLIER,STATION B TEMPERATURE DIFFERENCE; STATION C TEMPERATURE DIFFERENCE,8.75,4.6979299999999995,3.390800000000013,False,NORMAL,1,POSSIBLE ANOMALY,TEMPERATURE SENSOR BIAS,1,25.0,LOW,LOW,PRIMARY POSSIBLE OUTLIER,Compare temperature sensor with nearby stations and recalibrate if required.
2026-09-01 19:00:00+05:30,40.65,61.107903,1000.7902,13.039754,0.0,0.0,TEMPERATURE_DRIFT,1,False,0.051369768799550464,1.5,3.3844530000000006,0.8812000000000353,False,False,False,False,False,False,False,NORMAL,NORMAL,29.65,64.52124,1002.10364,29.9,63.98766,997.3914,11.0,3.4133370000000056,1.3134400000000142,10.75,2.879756999999998,3.398800000000051,True,PRIMARY POSSIBLE OUTLIER,STATION B TEMPERATURE DIFFERENCE; STATION C TEMPERATURE DIFFERENCE,11.0,3.4133370000000056,3.398800000000051,False,NORMAL,1,POSSIBLE ANOMALY,TEMPERATURE SENSOR BIAS,1,25.0,LOW,LOW,PRIMARY POSSIBLE OUTLIER,Compare temperature sensor with nearby stations and recalibrate if required.
2026-09-01 20:00:00+05:30,42.25,64.346214,1001.5732,10.837435,0.0,0.0,TEMPERATURE_DRIFT,1,False,0.05768174858324149,1.6000000000000014,3.238311000000003,0.7830000000000155,False,False,False,False,False,False,False,NORMAL,NORMAL,29.1,66.60247,1002.8947,29.2,66.82547,998.06726,13.149999999999999,2.2562559999999934,1.3214999999999009,13.05,2.4792559999999924,3.5059400000000096,True,PRIMARY POSSIBLE OUTLIER,STATION B TEMPERATURE DIFFERENCE; STATION C TEMPERATURE DIFFERENCE,13.149999999999999,2.4792559999999924,3.5059400000000096,False,NORMAL,1,POSSIBLE ANOMALY,TEMPERATURE SENSOR BIAS,1,25.0,LOW,LOW,PRIMARY POSSIBLE OUTLIER,Compare temperature sensor with nearby stations and recalibrate if required.
2026-09-01 21:00:00+05:30,44.25,66.22864,1002.06366,10.495713,0.0,0.0,TEMPERATURE_DRIFT,1,False,0.03278056108836824,2.0,1.8824259999999953,0.4904599999999846,False,False,False,False,False,False,False,NORMAL,NORMAL,28.85,67.163216,1003.3902,28.85,67.57342,998.653,15.399999999999999,0.934576000000007,1.3265400000000227,15.399999999999999,1.34478,3.410660000000007,True,PRIMARY POSSIBLE OUTLIER,STATION B TEMPERATURE DIFFERENCE; STATION C TEMPERATURE DIFFERENCE,15.399999999999999,1.34478,3.410660000000007,False,NORMAL,1,POSSIBLE ANOMALY,TEMPERATURE SENSOR BIAS,1,25.0,LOW,LOW,PRIMARY POSSIBLE OUTLIER,Compare temperature sensor with nearby stations and recalibrate if required.
2026-09-01 22:00:00+05:30,29.05,66.79541,1002.35913,9.181765,0.0,0.0,NONE,1,False,0.19199899669091647,-15.2,0.5667700000000053,0.295470000000023,True,False,False,False,False,False,True,TEMPERATURE_INCONSISTENCY,TEMPERATURE_INCONSISTENCY,28.45,68.53141,1003.5851,28.6,68.35199,998.845,0.6000000000000014,1.73599999999999,1.2259699999999611,0.4499999999999993,1.5565799999999967,3.514130000000023,False,NORMAL,NORMAL,0.6000000000000014,1.73599999999999,3.514130000000023,True,TEMPERATURE_SPIKE,2,SENSOR FAULT,TEMPERATURE SPIKE,2,50.0,MEDIUM,CRITICAL,sudden temperature change; TEMPERATURE_INCONSISTENCY,Inspect temperature sensor and verify calibration.
2026-09-01 23:00:00+05:30,29.2,66.420265,1001.9632,7.79215,0.0,0.0,NONE,1,False,0.17008300352807493,0.14999999999999858,-0.3751450000000034,-0.3959300000000212,False,False,False,False,False,False,False,NORMAL,NORMAL,28.6,67.730194,1003.28766,28.75,67.966255,998.45215,0.5999999999999979,1.3099289999999968,1.324459999999931,0.4499999999999993,1.5459900000000033,3.5110500000000684,False,NORMAL,NORMAL,0.5999999999999979,1.5459900000000033,3.5110500000000684,False,NORMAL,0,NORMAL,NONE,0,0.0,LOW,NORMAL,All monitoring checks normal.,Continue normal monitoring.
2026-09-02 00:00:00+05:30,28.55,69.17932,1001.75433,9.6480665,0.0,0.0,NONE,1,False,0.19395003100208913,-0.6499999999999986,2.7590550000000036,-0.20887000000004718,False,False,False,False,False,False,False,NORMAL,NORMAL,28.05,69.932175,1002.98236,28.2,69.96015,998.23895,0.5,0.7528549999999967,1.2280299999999897,0.3500000000000014,0.7808299999999946,3.5153799999999364,False,NORMAL,NORMAL,0.5,0.7808299999999946,3.5153799999999364,False,NORMAL,0,NORMAL,NONE,0,0.0,LOW,NORMAL,All monitoring checks normal.,Continue normal monitoring.
2026-09-02 01:00:00+05:30,28.05,71.00502,1001.2491,9.826088,0.0,0.0,NONE,1,False,0.19968792127848356,-0.5,1.8256999999999977,-0.5052299999999832,False,False,False,False,False,False,False,NORMAL,NORMAL,27.8,70.528275,1002.581,27.75,71.38436,997.7312,0.25,0.4767450000000082,1.3319000000000187,0.3000000000000007,0.3793399999999991,3.517900000000054,False,NORMAL,NORMAL,0.3000000000000007,0.4767450000000082,3.517900000000054,False,NORMAL,0,NORMAL,NONE,0,0.0,LOW,NORMAL,All monitoring checks normal.,Continue normal monitoring.
2026-09-02 02:00:00+05:30,27.95,70.55582,1001.1479,10.873252,0.0,0.0,NONE,1,False,0.19815399559007807,-0.10000000000000142,-0.4492000000000047,-0.10119999999994889,False,False,False,False,False,False,False,NORMAL,NORMAL,27.8,69.24784,1002.38165,27.8,70.09918,997.6332,0.14999999999999858,1.3079800000000006,1.2337499999999864,0.14999999999999858,0.45663999999999305,3.5147000000000617,False,NORMAL,NORMAL,0.14999999999999858,1.3079800000000006,3.5147000000000617,False,NORMAL,0,NORMAL,NONE,0,0.0,LOW,NORMAL,All monitoring checks normal.,Continue normal monitoring.
2026-09-02 03:00:00+05:30,27.65,70.28568,1001.04395,11.375658,0.0,0.0,NONE,1,False,0.18753016499758346,-0.3000000000000007,-0.2701399999999978,-0.10395000000005439,False,False,False,False,False,False,False,NORMAL,NORMAL,27.4,69.59702,1002.37726,27.45,70.2486,997.62384,0.25,0.6886599999999987,1.3333099999999831,0.1999999999999993,0.03708000000000311,3.4201100000000224,False,NORMAL,NORMAL,0.25,0.6886599999999987,3.4201100000000224,False,NORMAL,0,NORMAL,NONE,0,0.0,LOW,NORMAL,All monitoring checks normal.,Continue normal monitoring.
2026-09-02 04:00:00+05:30,27.3,70.43615,1000.9392,11.016824,0.0,0.0,NONE,1,False,0.18884283446419659,-0.34999999999999787,0.15046999999999855,-0.10474999999996726,False,False,False,False,False,False,False,NORMAL,NORMAL,27.15,69.97797,1002.17505,27.1,70.61531,997.416,0.15000000000000213,0.4581799999999987,1.2358500000000276,0.1999999999999993,0.179159999999996,3.5231999999999744,False,NORMAL,NORMAL,0.1999999999999993,0.4581799999999987,3.5231999999999744,False,NORMAL,0,NORMAL,NONE,0,0.0,LOW,NORMAL,All monitoring checks normal.,Continue normal monitoring.
2026-09-02 05:00:00+05:30,27.15,73.26347,1001.13605,9.6480665,0.0,0.0,NONE,1,False,0.18846132738939075,-0.15000000000000213,2.8273200000000003,0.1968499999999267,False,False,False,False,False,False,False,NORMAL,NORMAL,26.9,73.8948,1002.3715,26.85,74.566,997.60785,0.25,0.6313300000000055,1.2354500000000144,0.29999999999999716,1.3025300000000044,3.52819999999997,False,NORMAL,NORMAL,0.29999999999999716,1.3025300000000044,3.52819999999997,False,NORMAL,0,NORMAL,NONE,0,0.0,LOW,NORMAL,All monitoring checks normal.,Continue normal monitoring.
2026-09-02 06:00:00+05:30,27.45,73.537895,1001.439,10.787993,0.0,0.0,NONE,1,False,0.19308091361526547,0.3000000000000007,0.2744250000000079,0.3029500000000098,False,False,False,False,False,False,False,NORMAL,NORMAL,27.2,75.53609,1002.7736,27.25,75.54398,998.0153,0.25,1.9981949999999955,1.334600000000023,0.1999999999999993,2.006084999999999,3.42369999999994,False,NORMAL,NORMAL,0.25,2.006084999999999,3.42369999999994,False,NORMAL,0,NORMAL,NONE,0,0.0,LOW,NORMAL,All monitoring checks normal.,Continue normal monitoring.
2026-09-02 07:00:00+05:30,29.15,70.13649,1001.9626,9.906544,0.0,0.0,TEMPERATURE_FLATLINE,1,False,0.20192266767526695,1.6999999999999993,-3.401405000000011,0.5235999999999876,False,False,False,False,False,False,False,NORMAL,NORMAL,28.8,74.88237,1003.19025,28.95,73.789345,998.55664,0.34999999999999787,4.74588,1.2276500000000397,0.1999999999999993,3.6528550000000024,3.4059599999999364,False,NORMAL,NORMAL,0.34999999999999787,4.74588,3.4059599999999364,False,NORMAL,0,NORMAL,NONE,0,0.0,LOW,NORMAL,All monitoring checks normal.,Continue normal monitoring.
2026-09-02 08:00:00+05:30,29.15,61.9655,1002.3903,12.932471,0.0,0.0,TEMPERATURE_FLATLINE,1,False,0.16800664114300995,0.0,-8.170989999999996,0.4277000000000726,False,False,False,False,False,False,False,NORMAL,NORMAL,30.65,66.711845,1003.6097,30.9,66.162575,998.90546,1.5,4.746344999999998,1.2193999999999505,1.75,4.197075000000005,3.4848400000000765,False,NORMAL,NORMAL,1.75,4.746344999999998,3.4848400000000765,False,NORMAL,0,NORMAL,NONE,0,0.0,LOW,NORMAL,All monitoring checks normal.,Continue normal monitoring.
2026-09-02 09:00:00+05:30,29.15,59.649384,1002.5947,17.713316,0.7,0.19999999,TEMPERATURE_FLATLINE,1,False,0.06509075788988405,0.0,-2.316116000000001,0.20439999999996417,False,False,False,False,False,False,False,NORMAL,NORMAL,31.65,59.683613,1003.7203,31.35,63.908005,999.1157,2.5,0.034229000000003396,1.125599999999963,2.200000000000003,4.258621000000005,3.479000000000042,False,NORMAL,NORMAL,2.5,4.258621000000005,3.479000000000042,False,NORMAL,0,NORMAL,NONE,0,0.0,LOW,NORMAL,All monitoring checks normal.,Continue normal monitoring.
2026-09-02 10:00:00+05:30,29.15,54.383266,1002.5122,17.574675,0.5,0.0,TEMPERATURE_FLATLINE,1,False,0.07308227817062524,0.0,-5.266117999999999,-0.08249999999998181,False,True,False,False,False,False,False,NORMAL,NORMAL,32.5,57.052967,1003.63007,32.75,55.240543,999.0528,3.3500000000000014,2.6697010000000034,1.117870000000039,3.6000000000000014,0.8572770000000034,3.4593999999999596,False,NORMAL,NORMAL,3.6000000000000014,2.6697010000000034,3.4593999999999596,True,TEMPERATURE_FLATLINE,1,SENSOR FAULT,TEMPERATURE FLATLINE,1,50.0,MEDIUM,MEDIUM,temperature value stuck,Check for a stuck or frozen temperature sensor.
2026-09-02 11:00:00+05:30,29.15,53.011562,1001.63116,17.441433,0.4,0.2,TEMPERATURE_FLATLINE,1,False,0.06623343206880106,0.0,-1.3717040000000011,-0.8810399999999845,False,True,False,False,False,False,False,NORMAL,NORMAL,33.65,53.16005,1002.74567,33.8,53.844784,998.1868,4.5,0.1484880000000004,1.1145099999999957,4.649999999999999,0.8332219999999992,3.4443600000000743,False,NORMAL,NORMAL,4.649999999999999,0.8332219999999992,3.4443600000000743,True,TEMPERATURE_FLATLINE,1,SENSOR FAULT,TEMPERATURE FLATLINE,1,50.0,MEDIUM,MEDIUM,temperature value stuck,Check for a stuck or frozen temperature sensor.
2026-09-02 12:00:00+05:30,32.3,58.403584,1001.1131,17.389341,0.4,0.099999994,NONE,1,False,0.10145023553362931,3.1499999999999986,5.392022000000004,-0.5180599999999913,False,False,False,False,False,False,False,NORMAL,NORMAL,33.6,53.470802,1002.14734,33.3,57.587257,997.5788,1.3000000000000043,4.932782000000003,1.0342399999999543,1.0,0.8163270000000011,3.53430000000003,False,NORMAL,NORMAL,1.3000000000000043,4.932782000000003,3.53430000000003,False,NORMAL,0,NORMAL,NONE,0,0.0,LOW,NORMAL,All monitoring checks normal.,Continue normal monitoring.
2026-09-02 13:00:00+05:30,32.8,62.139603,1000.0255,16.981165,0.6,0.3,NONE,1,False,0.07258325973639274,0.5,3.736018999999999,-1.0876000000000658,False,False,False,False,False,False,False,NORMAL,NORMAL,34.25,51.56476,1000.9582,33.8,57.359177,996.401,1.4500000000000028,10.574843000000001,0.932700000000068,1.0,4.7804259999999985,3.624500000000012,False,STATION B CHECK,STATION B HUMIDITY DIFFERENCE,1.4500000000000028,10.574843000000001,3.624500000000012,False,NORMAL,0,NORMAL,HUMIDITY SENSOR BIAS,0,0.0,LOW,NORMAL,STATION B CHECK,Compare humidity sensor with nearby stations and recalibrate if required.
2026-09-02 14:00:00+05:30,33.15,60.92868,998.93536,15.141414,0.0,0.0,NONE,1,False,0.11219240274657777,0.3500000000000014,-1.210923000000001,-1.0901400000000194,False,False,False,False,False,False,False,NORMAL,NORMAL,31.95,59.751915,1000.2355,34.1,54.081238,995.41675,1.1999999999999993,1.1767650000000032,1.3001400000000558,0.9500000000000028,6.847442000000001,3.518609999999967,False,NORMAL,NORMAL,1.1999999999999993,6.847442000000001,3.518609999999967,False,NORMAL,0,NORMAL,NONE,0,0.0,LOW,NORMAL,All monitoring checks normal.,Continue normal monitoring.
2026-09-02 15:00:00+05:30,27.7,89.95198,999.3524,13.556282,5.5,1.5,NONE,-1,True,-0.1590856339516996,-5.449999999999999,29.023300000000006,0.4170400000000427,True,False,False,True,False,False,False,NORMAL,NORMAL,27.55,92.9165,1000.28595,27.8,91.29865,995.64923,0.14999999999999858,2.964519999999993,0.9335499999999683,0.10000000000000142,1.346669999999989,3.70317,False,NORMAL,NORMAL,0.14999999999999858,2.964519999999993,3.70317,True,TEMPERATURE_SPIKE; HUMIDITY_SPIKE,2,SENSOR FAULT,TEMPERATURE SPIKE,2,50.0,MEDIUM,MEDIUM,Isolation Forest anomaly; sudden temperature change; sudden humidity change,Inspect temperature sensor and verify calibration.
2026-09-02 16:00:00+05:30,28.6,84.10243,998.96796,6.090812,0.2,0.2,NONE,1,False,0.07076837933153435,0.9000000000000021,-5.849550000000008,-0.3844400000000405,False,False,False,False,False,False,False,NORMAL,NORMAL,29.0,87.43601,1000.1029,28.8,85.37811,995.37823,0.3999999999999986,3.3335799999999978,1.1349400000000287,0.1999999999999993,1.2756800000000084,3.5897299999999177,False,NORMAL,NORMAL,0.3999999999999986,3.3335799999999978,3.5897299999999177,False,NORMAL,0,NORMAL,NONE,0,0.0,LOW,NORMAL,All monitoring checks normal.,Continue normal monitoring.
2026-09-02 17:00:00+05:30,30.45,73.16118,999.493,12.566526,0.0,0.0,NONE,1,False,0.16843779061934816,1.8499999999999979,-10.941249999999997,0.5250400000001036,False,False,False,True,False,False,True,HUMIDITY_INCONSISTENCY,HUMIDITY_INCONSISTENCY,30.45,78.55816,1000.71716,30.45,76.49485,996.0169,0.0,5.396979999999999,1.2241599999999835,0.0,3.333669999999998,3.4761000000000877,False,NORMAL,NORMAL,0.0,5.396979999999999,3.4761000000000877,True,HUMIDITY_SPIKE,2,SENSOR FAULT,HUMIDITY SPIKE,2,50.0,MEDIUM,MEDIUM,sudden humidity change; HUMIDITY_INCONSISTENCY,Inspect humidity sensor and verify calibration.
2026-09-02 18:00:00+05:30,29.55,78.665344,1000.3758,13.719023,0.0,0.0,NONE,1,False,0.16099517907634497,-0.8999999999999986,5.504164000000003,0.8827999999999747,False,False,False,False,False,False,False,NORMAL,NORMAL,29.45,79.35568,1001.60284,29.55,78.665344,996.8859,0.10000000000000142,0.6903360000000021,1.2270399999999881,0.0,0.0,3.489900000000034,False,NORMAL,NORMAL,0.10000000000000142,0.6903360000000021,3.489900000000034,False,NORMAL,0,NORMAL,NONE,0,0.0,LOW,NORMAL,All monitoring checks normal.,Continue normal monitoring.
2026-09-02 19:00:00+05:30,29.35,79.342094,1001.06934,9.885262,0.0,0.0,NONE,1,False,0.19970664698317903,-0.1999999999999993,0.6767499999999984,0.6935399999999845,False,False,False,False,False,False,False,NORMAL,NORMAL,29.05,82.914795,1002.2961,29.0,82.90902,997.5659,0.3000000000000007,3.572700999999995,1.226760000000013,0.3500000000000014,3.566925999999995,3.503439999999955,False,NORMAL,NORMAL,0.3500000000000014,3.572700999999995,3.503439999999955,False,NORMAL,0,NORMAL,NONE,0,0.0,LOW,NORMAL,All monitoring checks normal.,Continue normal monitoring.
2026-09-02 20:00:00+05:30,29.3,78.86478,1001.9647,8.827344,0.0,0.0,NONE,1,False,0.2017390816933876,-0.05000000000000071,-0.4773140000000069,0.8953599999999824,False,False,False,False,False,False,False,NORMAL,NORMAL,29.3,72.74704,1003.29553,29.2,78.3825,998.46405,0.0,6.117739999999998,1.3308299999999917,0.10000000000000142,0.48228000000000293,3.5006499999999505,False,NORMAL,NORMAL,0.10000000000000142,6.117739999999998,3.5006499999999505,False,NORMAL,0,NORMAL,NONE,0,0.0,LOW,NORMAL,All monitoring checks normal.,Continue normal monitoring.
2026-09-02 21:00:00+05:30,29.1,74.4823,1002.6585,12.32047,0.0,0.0,NONE,1,False,0.19325758522666914,-0.1999999999999993,-4.382480000000001,0.6938000000000102,False,False,False,False,False,False,False,NORMAL,NORMAL,28.85,70.50671,1004.0878,28.95,72.24991,999.25104,0.25,3.975589999999997,1.429300000000012,0.15000000000000213,2.232389999999995,3.4074600000000146,False,NORMAL,NORMAL,0.25,3.975589999999997,3.4074600000000146,False,NORMAL,0,NORMAL,NONE,0,0.0,LOW,NORMAL,All monitoring checks normal.,Continue normal monitoring.
2026-09-02 22:00:00+05:30,28.7,99.0,1002.8517,11.177405,0.0,0.0,HUMIDITY_SPIKE,1,False,0.09191408303592824,-0.40000000000000213,24.517700000000005,0.1932000000000471,False,False,False,True,False,False,True,HUMIDITY_INCONSISTENCY,HUMIDITY_INCONSISTENCY,28.65,71.54541,1004.0856,28.65,71.97957,999.3421,0.05000000000000071,27.454589999999996,1.2338999999999487,0.05000000000000071,27.020430000000005,3.5096000000000913,True,PRIMARY POSSIBLE OUTLIER,STATION B HUMIDITY DIFFERENCE; STATION C HUMIDITY DIFFERENCE,0.05000000000000071,27.454589999999996,3.5096000000000913,True,HUMIDITY_SPIKE,3,SENSOR FAULT,HUMIDITY SPIKE,3,75.0,HIGH,HIGH,sudden humidity change; HUMIDITY_INCONSISTENCY; PRIMARY POSSIBLE OUTLIER,Inspect humidity sensor and verify calibration.
2026-09-02 23:00:00+05:30,28.55,76.43441,1002.1525,9.919618,0.0,0.0,NONE,1,False,0.20615712518454476,-0.14999999999999858,-22.56559,-0.6992000000000189,False,False,False,True,False,False,True,HUMIDITY_INCONSISTENCY,HUMIDITY_INCONSISTENCY,28.45,75.732765,1003.4855,28.45,76.189735,998.6424,0.10000000000000142,0.7016449999999992,1.33299999999997,0.10000000000000142,0.24467500000000086,3.5101000000000795,False,NORMAL,NORMAL,0.10000000000000142,0.7016449999999992,3.5101000000000795,True,HUMIDITY_SPIKE,2,SENSOR FAULT,HUMIDITY SPIKE,2,50.0,MEDIUM,MEDIUM,sudden humidity change; HUMIDITY_INCONSISTENCY,Inspect humidity sensor and verify calibration.
2026-09-03 00:00:00+05:30,28.1,78.22625,1001.5487,9.044888,0.0,0.0,NONE,1,False,0.2029656902505247,-0.4499999999999993,1.7918399999999934,-0.6037999999999784,False,False,False,False,False,False,False,NORMAL,NORMAL,28.0,77.74286,1002.7825,28.0,78.21195,998.0353,0.10000000000000142,0.48339,1.2337999999999738,0.10000000000000142,0.014299999999991542,3.513400000000047,False,NORMAL,NORMAL,0.10000000000000142,0.48339,3.513400000000047,False,NORMAL,0,NORMAL,NONE,0,0.0,LOW,NORMAL,All monitoring checks normal.,Continue normal monitoring.
2026-09-03 01:00:00+05:30,27.75,79.600426,1001.2447,9.195868,0.0,0.0,NONE,1,False,0.20258001361739636,-0.3500000000000014,1.3741760000000056,-0.3040000000000873,False,False,False,False,False,False,False,NORMAL,NORMAL,27.65,78.634384,1002.4797,27.65,79.58693,997.72833,0.10000000000000142,0.9660420000000016,1.2350000000000136,0.10000000000000142,0.013496000000003505,3.516369999999938,False,NORMAL,NORMAL,0.10000000000000142,0.9660420000000016,3.516369999999938,False,NORMAL,0,NORMAL,NONE,0,0.0,LOW,NORMAL,All monitoring checks normal.,Continue normal monitoring.
2026-09-03 02:00:00+05:30,27.35,80.510635,1000.8403,8.865799,0.0,0.0,NONE,1,False,0.1934517909389485,-0.3999999999999986,0.9102089999999947,-0.40440000000000964,False,False,False,False,False,False,False,NORMAL,NORMAL,27.35,78.35512,1002.1772,27.25,79.77301,997.321,0.0,2.155514999999994,1.3369000000000142,0.10000000000000142,0.7376249999999942,3.51929999999993,False,NORMAL,NORMAL,0.10000000000000142,2.155514999999994,3.51929999999993,False,NORMAL,0,NORMAL,NONE,0,0.0,LOW,NORMAL,All monitoring checks normal.,Continue normal monitoring.
2026-09-03 03:00:00+05:30,26.95,80.94567,1000.8343,9.080639,0.0,0.0,NONE,1,False,0.19208436342803298,-0.40000000000000213,0.4350350000000134,-0.005999999999971806,False,False,False,False,False,False,False,NORMAL,NORMAL,26.95,79.25189,1002.1729,26.85,80.20273,997.31024,0.0,1.6937800000000038,1.3386000000000422,0.09999999999999787,0.7429400000000044,3.524059999999963,False,NORMAL,NORMAL,0.09999999999999787,1.6937800000000038,3.524059999999963,False,NORMAL,0,NORMAL,NONE,0,0.0,LOW,NORMAL,All monitoring checks normal.,Continue normal monitoring.
2026-09-03 04:00:00+05:30,26.7,81.650375,1001.22864,9.102021,0.0,0.0,NONE,1,False,0.18932013560785982,-0.25,0.7047049999999899,0.39434000000005653,False,False,False,False,False,False,False,NORMAL,NORMAL,26.55,81.38546,1002.46716,26.45,82.11456,997.69604,0.14999999999999858,0.264915000000002,1.238519999999994,0.25,0.4641850000000005,3.532600000000002,False,NORMAL,NORMAL,0.25,0.4641850000000005,3.532600000000002,False,NORMAL,0,NORMAL,NONE,0,0.0,LOW,NORMAL,All monitoring checks normal.,Continue normal monitoring.
2026-09-03 05:00:00+05:30,26.4,84.11598,1001.6225,6.7853074,0.0,0.0,NONE,1,False,0.1603143389436648,-0.3000000000000007,2.4656049999999965,0.3938599999999042,False,False,False,False,False,False,False,NORMAL,NORMAL,26.35,82.35118,1002.76385,26.1,84.33773,998.0835,0.04999999999999716,1.764799999999994,1.1413500000001022,0.29999999999999716,0.2217500000000001,3.5389999999999873,False,NORMAL,NORMAL,0.29999999999999716,1.764799999999994,3.5389999999999873,False,NORMAL,0,NORMAL,NONE,0,0.0,LOW,NORMAL,All monitoring checks normal.,Continue normal monitoring.
2026-09-03 06:00:00+05:30,26.9,83.91767,1001.9286,8.211235,0.0,0.0,NONE,1,False,0.1860080643451082,0.5,-0.19830999999999221,0.3061000000000149,False,False,False,False,False,False,False,NORMAL,NORMAL,26.85,82.65933,1003.06854,26.85,83.40904,998.3022,0.04999999999999716,1.258340000000004,1.1399400000000242,0.04999999999999716,0.5086299999999966,3.6263999999999896,False,NORMAL,NORMAL,0.04999999999999716,1.258340000000004,3.6263999999999896,False,NORMAL,0,NORMAL,NONE,0,0.0,LOW,NORMAL,All monitoring checks normal.,Continue normal monitoring.
2026-09-03 07:00:00+05:30,28.5,79.46351,1002.7492,7.729527,0.0,0.0,NONE,1,False,0.19510276270979604,1.6000000000000014,-4.454160000000002,0.8206000000000131,False,False,False,False,False,False,False,NORMAL,NORMAL,28.45,79.21938,1003.98376,28.55,79.47028,999.33966,0.05000000000000071,0.2441299999999984,1.2345599999999877,0.05000000000000071,0.006770000000003051,3.4095399999999927,False,NORMAL,NORMAL,0.05000000000000071,0.2441299999999984,3.4095399999999927,False,NORMAL,0,NORMAL,NONE,0,0.0,LOW,NORMAL,All monitoring checks normal.,Continue normal monitoring.
2026-09-03 08:00:00+05:30,30.1,71.15992,1018.0718,12.241323,0.0,0.0,PRESSURE_BIAS,-1,True,-0.01494104488733905,1.6000000000000014,-8.30359,15.32260000000008,False,False,False,False,True,False,False,NORMAL,NORMAL,29.95,73.07655,1004.29944,30.15,72.67503,999.5803,0.15000000000000213,1.9166299999999978,13.772360000000049,0.04999999999999716,1.515110000000007,18.491500000000087,True,PRIMARY POSSIBLE OUTLIER,STATION B PRESSURE DIFFERENCE; STATION C PRESSURE DIFFERENCE,0.15000000000000213,1.9166299999999978,18.491500000000087,True,PRESSURE_CHANGE,3,SENSOR FAULT,PRESSURE ANOMALY,3,75.0,HIGH,CRITICAL,Isolation Forest anomaly; sudden pressure change; PRIMARY POSSIBLE OUTLIER,Inspect pressure sensor and verify calibration.
2026-09-03 09:00:00+05:30,30.25,70.97397,1018.273,16.458931,0.7,0.19999999,PRESSURE_BIAS,-1,True,-0.025891982485163778,0.14999999999999858,-0.1859500000000054,0.20119999999997162,False,False,False,False,False,False,False,NORMAL,NORMAL,30.7,68.34442,1004.3079,30.6,70.4029,999.69116,0.4499999999999993,2.6295499999999947,13.965100000000007,0.3500000000000014,0.5710699999999918,18.581840000000057,True,PRIMARY POSSIBLE OUTLIER,STATION B PRESSURE DIFFERENCE; STATION C PRESSURE DIFFERENCE,0.4499999999999993,2.6295499999999947,18.581840000000057,False,NORMAL,2,SENSOR FAULT,PRESSURE SENSOR BIAS,2,50.0,MEDIUM,CRITICAL,Isolation Forest anomaly; PRIMARY POSSIBLE OUTLIER,Compare pressure sensor with nearby stations and recalibrate if required.
2026-09-03 10:00:00+05:30,30.3,67.85775,1018.0745,19.239801,0.8,0.19999999,PRESSURE_BIAS,-1,True,-0.05486164013743544,0.05000000000000071,-3.1162199999999984,-0.19850000000008095,False,False,False,False,False,False,False,NORMAL,NORMAL,30.85,64.18859,1004.2098,30.75,67.33616,999.59607,0.5500000000000007,3.669159999999991,13.86469999999997,0.4499999999999993,0.5215899999999891,18.47842999999989,True,PRIMARY POSSIBLE OUTLIER,STATION B PRESSURE DIFFERENCE; STATION C PRESSURE DIFFERENCE,0.5500000000000007,3.669159999999991,18.47842999999989,False,NORMAL,2,SENSOR FAULT,PRESSURE SENSOR BIAS,2,50.0,MEDIUM,CRITICAL,Isolation Forest anomaly; PRIMARY POSSIBLE OUTLIER,Compare pressure sensor with nearby stations and recalibrate if required.
2026-09-03 11:00:00+05:30,30.9,68.178375,1017.18774,18.374111,0.7,0.39999998,PRESSURE_BIAS,-1,True,-0.034866374583189974,0.5999999999999979,0.3206250000000068,-0.8867599999999811,False,False,False,False,False,False,False,NORMAL,NORMAL,32.45,57.56164,1003.2308,31.5,66.48225,998.62335,1.5500000000000043,10.616735000000006,13.956939999999918,0.6000000000000014,1.6961250000000092,18.564390000000003,True,PRIMARY POSSIBLE OUTLIER,STATION B HUMIDITY DIFFERENCE; STATION B PRESSURE DIFFERENCE; STATION C PRESSURE DIFFERENCE,1.5500000000000043,10.616735000000006,18.564390000000003,False,NORMAL,2,SENSOR FAULT,PRESSURE SENSOR BIAS,2,50.0,MEDIUM,CRITICAL,Isolation Forest anomaly; PRIMARY POSSIBLE OUTLIER,Compare pressure sensor with nearby stations and recalibrate if required.
2026-09-03 12:00:00+05:30,30.4,74.029274,1016.38385,17.01738,0.7,0.7,PRESSURE_BIAS,-1,True,-0.03222679719559329,-0.5,5.850898999999998,-0.8038899999999103,False,False,False,False,False,False,False,NORMAL,NORMAL,31.05,70.48492,1002.3184,30.55,75.161606,997.80505,0.6500000000000021,3.5443539999999985,14.065450000000055,0.15000000000000213,1.1323320000000052,18.5788,True,PRIMARY POSSIBLE OUTLIER,STATION B PRESSURE DIFFERENCE; STATION C PRESSURE DIFFERENCE,0.6500000000000021,3.5443539999999985,18.5788,False,NORMAL,2,SENSOR FAULT,PRESSURE SENSOR BIAS,2,50.0,MEDIUM,CRITICAL,Isolation Forest anomaly; PRIMARY POSSIBLE OUTLIER,Compare pressure sensor with nearby stations and recalibrate if required.
2026-09-03 13:00:00+05:30,31.25,70.10266,1000.50037,13.935767,0.3,0.3,NONE,1,False,0.12284396785350288,0.8500000000000014,-3.9266140000000007,-15.883480000000077,False,False,False,False,True,False,True,PRESSURE_INCONSISTENCY,PRESSURE_INCONSISTENCY,30.25,78.530205,1001.7116,30.85,75.43194,997.01917,1.0,8.427544999999995,1.2112300000000005,0.3999999999999986,5.329279999999997,3.4811999999999443,False,NORMAL,NORMAL,1.0,8.427544999999995,3.4811999999999443,True,PRESSURE_CHANGE,2,SENSOR FAULT,PRESSURE ANOMALY,2,50.0,MEDIUM,MEDIUM,sudden pressure change; PRESSURE_INCONSISTENCY,Inspect pressure sensor and verify calibration.
2026-09-03 14:00:00+05:30,30.25,76.01204,999.78876,13.493999,1.5,0.5,NONE,1,False,0.0144565432836814,-1.0,5.909379999999999,-0.7116099999999506,False,False,False,False,False,False,False,NORMAL,NORMAL,29.9,77.32537,1000.9105,30.2,77.14039,996.20874,0.3500000000000014,1.3133300000000077,1.1217399999999316,0.05000000000000071,1.1283499999999975,3.5800199999999904,False,NORMAL,NORMAL,0.3500000000000014,1.3133300000000077,3.5800199999999904,False,NORMAL,0,NORMAL,NONE,0,0.0,LOW,NORMAL,All monitoring checks normal.,Continue normal monitoring.
2026-09-03 15:00:00+05:30,30.55,73.39617,999.39496,15.3802595,0.1,0.1,NONE,1,False,0.11864982002811064,0.3000000000000007,-2.615870000000001,-0.39380000000005566,False,False,False,False,False,False,False,NORMAL,NORMAL,29.35,80.29032,1000.6052,30.05,76.661674,995.907,1.1999999999999993,6.894149999999996,1.2102399999999989,0.5,3.265504000000007,3.48795999999993,False,NORMAL,NORMAL,1.1999999999999993,6.894149999999996,3.48795999999993,False,NORMAL,0,NORMAL,NONE,0,0.0,LOW,NORMAL,All monitoring checks normal.,Continue normal monitoring.
2026-09-03 16:00:00+05:30,30.15,77.36206,999.38904,13.926464,0.0,0.0,NONE,1,False,0.14862588728629378,-0.40000000000000213,3.9658900000000017,-0.005919999999946413,False,False,False,False,False,False,False,NORMAL,NORMAL,29.65,78.44601,1000.6087,30.15,76.90456,995.9098,0.5,1.0839500000000015,1.2196599999999762,0.0,0.457499999999996,3.4792400000000043,False,NORMAL,NORMAL,0.5,1.0839500000000015,3.4792400000000043,False,NORMAL,0,NORMAL,NONE,0,0.0,LOW,NORMAL,All monitoring checks normal.,Continue normal monitoring.
2026-09-03 17:00:00+05:30,29.35,85.93728,999.6757,13.37825,0.0,0.0,NONE,1,False,0.13385531046939814,-0.7999999999999972,8.575220000000002,0.2866599999999835,False,False,False,False,False,False,False,NORMAL,NORMAL,29.5,87.73611,1000.8063,29.45,86.70796,996.0898,0.14999999999999858,1.7988299999999953,1.1305999999999585,0.09999999999999787,0.7706799999999987,3.585900000000038,False,NORMAL,NORMAL,0.14999999999999858,1.7988299999999953,3.585900000000038,False,NORMAL,0,NORMAL,NONE,0,0.0,LOW,NORMAL,All monitoring checks normal.,Continue normal monitoring.
2026-09-03 18:00:00+05:30,28.85,87.422966,1000.4646,12.659004,0.0,0.0,NONE,1,False,0.14720980439749848,-0.5,1.4856860000000012,0.7889000000000124,False,False,False,False,False,False,False,NORMAL,NORMAL,28.75,87.9312,1001.595,28.8,87.93543,996.8663,0.10000000000000142,0.5082340000000016,1.1304000000000087,0.05000000000000071,0.5124639999999943,3.5982999999999947,False,NORMAL,NORMAL,0.10000000000000142,0.5124639999999943,3.5982999999999947,False,NORMAL,0,NORMAL,NONE,0,0.0,LOW,NORMAL,All monitoring checks normal.,Continue normal monitoring.
2026-09-03 19:00:00+05:30,28.9,84.8848,1000.9633,11.091564,0.0,0.0,NONE,1,False,0.18047238588895403,0.04999999999999716,-2.538166000000004,0.49869999999998527,False,False,False,False,False,False,False,NORMAL,NORMAL,28.55,83.5992,1002.1908,28.7,84.86418,997.4586,0.34999999999999787,1.2856000000000023,1.2274999999999636,0.1999999999999993,0.020619999999993865,3.504699999999957,False,NORMAL,NORMAL,0.34999999999999787,1.2856000000000023,3.504699999999957,False,NORMAL,0,NORMAL,NONE,0,0.0,LOW,NORMAL,All monitoring checks normal.,Continue normal monitoring.
2026-09-03 20:00:00+05:30,28.45,81.3781,1001.7528,10.04458,0.0,0.0,NONE,1,False,0.20244093911134786,-0.4499999999999993,-3.506699999999995,0.7894999999999754,False,False,False,False,False,False,False,NORMAL,NORMAL,28.05,81.08533,1002.8827,28.25,81.353195,998.1411,0.3999999999999986,0.2927700000000044,1.1299000000000206,0.1999999999999993,0.024905000000003952,3.611699999999928,False,NORMAL,NORMAL,0.3999999999999986,0.2927700000000044,3.611699999999928,False,NORMAL,0,NORMAL,NONE,0,0.0,LOW,NORMAL,All monitoring checks normal.,Continue normal monitoring.
2026-09-03 21:00:00+05:30,27.85,82.52904,1002.1422,7.79215,0.0,0.0,NONE,1,False,0.1947783428198669,-0.5999999999999979,1.1509399999999914,0.3894000000000233,False,False,False,False,False,False,False,NORMAL,NORMAL,27.6,82.74702,1003.376,27.55,83.9887,998.61865,0.25,0.2179800000000114,1.2337999999999738,0.3000000000000007,1.4596599999999995,3.52355,False,NORMAL,NORMAL,0.3000000000000007,1.4596599999999995,3.52355,False,NORMAL,0,NORMAL,NONE,0,0.0,LOW,NORMAL,All monitoring checks normal.,Continue normal monitoring.
2026-09-03 22:00:00+05:30,27.4,85.237404,1002.4339,5.8603754,0.0,0.0,NONE,1,False,0.16711484366780516,-0.45000000000000284,2.708364000000003,0.29169999999999163,False,False,False,False,False,False,False,NORMAL,NORMAL,27.4,82.22887,1003.5732,27.05,87.26533,998.90265,0.0,3.0085339999999974,1.1393000000000484,0.34999999999999787,2.027926000000008,3.53125,False,NORMAL,NORMAL,0.34999999999999787,3.0085339999999974,3.53125,False,NORMAL,0,NORMAL,NONE,0,0.0,LOW,NORMAL,All monitoring checks normal.,Continue normal monitoring.
2026-09-03 23:00:00+05:30,27.65,86.54236,1001.9399,4.6938252,0.0,0.0,NONE,1,False,0.1312445451979493,0.25,1.3049560000000042,-0.4940000000000282,False,False,False,False,False,False,False,NORMAL,NORMAL,27.95,78.67652,1003.18085,27.45,86.26616,998.4174,0.3000000000000007,7.865840000000006,1.240949999999998,0.1999999999999993,0.2762000000000029,3.5224999999999227,False,NORMAL,NORMAL,0.3000000000000007,7.865840000000006,3.5224999999999227,False,NORMAL,0,NORMAL,NONE,0,0.0,LOW,NORMAL,All monitoring checks normal.,Continue normal monitoring.
2026-09-04 00:00:00+05:30,27.5,84.234764,1001.6391,6.6794305,0.0,0.0,NONE,1,False,0.18296416419016637,-0.14999999999999858,-2.3075960000000038,-0.3007999999999811,False,False,False,False,False,False,False,NORMAL,NORMAL,27.7,74.252975,1002.9787,27.35,81.24057,998.11725,0.1999999999999993,9.981788999999992,1.3396000000000186,0.14999999999999858,2.994193999999993,3.521849999999972,False,NORMAL,NORMAL,0.1999999999999993,9.981788999999992,3.521849999999972,False,NORMAL,0,NORMAL,NONE,0,0.0,LOW,NORMAL,All monitoring checks normal.,Continue normal monitoring.
2026-09-04 01:00:00+05:30,27.25,80.01391,1001.3367,7.6579366,0.0,0.0,NONE,1,False,0.18466803388853387,-0.25,-4.220854000000003,-0.3024000000000342,False,False,False,False,False,False,False,NORMAL,NORMAL,27.35,73.521034,1002.57587,27.1,77.61128,997.8128,0.10000000000000142,6.492875999999995,1.2391700000000583,0.14999999999999858,2.402630000000002,3.5238999999999123,False,NORMAL,NORMAL,0.14999999999999858,6.492875999999995,3.5238999999999123,False,NORMAL,0,NORMAL,NONE,0,0.0,LOW,NORMAL,All monitoring checks normal.,Continue normal monitoring.
2026-09-04 02:00:00+05:30,26.8,78.752655,1000.7325,7.689603,0.0,0.0,NONE,1,False,0.17538212030263356,-0.4499999999999993,-1.2612549999999914,-0.6041999999999916,False,False,False,False,False,False,False,NORMAL,NORMAL,26.75,75.23505,1001.971,26.6,77.7738,997.20416,0.05000000000000071,3.517605000000003,1.2385000000000446,0.1999999999999993,0.97885500000001,3.5283399999999574,False,NORMAL,NORMAL,0.1999999999999993,3.517605000000003,3.5283399999999574,False,NORMAL,0,NORMAL,NONE,0,0.0,LOW,NORMAL,All monitoring checks normal.,Continue normal monitoring.
2026-09-04 03:00:00+05:30,26.25,80.3669,1000.92316,6.5248446,0.0,0.0,NONE,1,False,0.15090365074507234,-0.5500000000000007,1.6142449999999968,0.19066000000009353,False,False,False,False,False,False,False,NORMAL,NORMAL,26.15,77.94525,1002.1634,26.0,80.578636,997.38666,0.10000000000000142,2.4216499999999996,1.2402399999999716,0.25,0.21173600000000192,3.5365000000000464,False,NORMAL,NORMAL,0.25,2.4216499999999996,3.5365000000000464,False,NORMAL,0,NORMAL,NONE,0,0.0,LOW,NORMAL,All monitoring checks normal.,Continue normal monitoring.
2026-09-04 04:00:00+05:30,,,,6.193674,0.0,0.0,SENSOR_DROPOUT,1,False,0.1888034798178096,,,,False,False,False,False,False,True,False,NORMAL,NORMAL,25.8,78.61153,1002.2594,25.7,80.53951,997.47766,,,,,,,False,NORMAL,NORMAL,,,,False,NORMAL,1,SENSOR FAULT,SENSOR DROPOUT,0,100.0,HIGH,CRITICAL,sensor data missing,"Check sensor power, communication link, and connection."
2026-09-04 05:00:00+05:30,,,,6.2145634,0.0,0.0,SENSOR_DROPOUT,1,False,0.1888034798178096,,,,False,False,False,False,False,True,False,NORMAL,NORMAL,26.45,78.7034,1002.86444,26.05,81.56986,998.1814,,,,,,,False,NORMAL,NORMAL,,,,False,NORMAL,1,SENSOR FAULT,SENSOR DROPOUT,0,100.0,HIGH,CRITICAL,sensor data missing,"Check sensor power, communication link, and connection."
2026-09-04 06:00:00+05:30,,,,6.341009,0.0,0.0,SENSOR_DROPOUT,1,False,0.1895900138531481,,,,False,False,False,False,False,True,False,NORMAL,NORMAL,26.85,79.71915,1003.3675,26.8,80.43896,998.6974,,,,,,,False,NORMAL,NORMAL,,,,False,NORMAL,1,SENSOR FAULT,SENSOR DROPOUT,0,100.0,HIGH,CRITICAL,sensor data missing,"Check sensor power, communication link, and connection."
2026-09-04 07:00:00+05:30,28.4,76.18204,1003.1459,5.6920996,0.0,0.0,NONE,1,False,0.17655488802319158,,,,False,False,False,False,False,False,False,NORMAL,NORMAL,28.45,77.80823,1004.2827,28.5,77.118385,999.6357,0.05000000000000071,1.626189999999994,1.1367999999999938,0.10000000000000142,0.9363450000000029,3.5101999999999407,False,NORMAL,NORMAL,0.10000000000000142,1.626189999999994,3.5101999999999407,False,NORMAL,0,NORMAL,NONE,0,0.0,LOW,NORMAL,All monitoring checks normal.,Continue normal monitoring.
2026-09-04 08:00:00+05:30,30.2,69.909004,1003.57104,9.178235,0.0,0.0,NONE,1,False,0.18506597531094415,1.8000000000000007,-6.273036000000005,0.4251400000000558,False,False,False,False,False,False,False,NORMAL,NORMAL,30.2,69.909004,1004.90027,30.25,70.97397,1000.0788,0.0,0.0,1.3292299999999386,0.05000000000000071,1.0649659999999983,3.492240000000038,False,NORMAL,NORMAL,0.05000000000000071,1.0649659999999983,3.492240000000038,False,NORMAL,0,NORMAL,NONE,0,0.0,LOW,NORMAL,All monitoring checks normal.,Continue normal monitoring.
2026-09-04 09:00:00+05:30,31.55,62.053207,1003.9891,13.130133,0.0,0.0,NONE,1,False,0.1615324119967198,1.3500000000000014,-7.8557969999999955,0.41805999999996857,False,False,False,False,False,False,False,NORMAL,NORMAL,31.45,62.406857,1005.2131,31.65,63.01702,1000.51245,0.10000000000000142,0.3536500000000018,1.2240000000000464,0.09999999999999787,0.9638130000000018,3.4766500000000633,False,NORMAL,NORMAL,0.10000000000000142,0.9638130000000018,3.4766500000000633,False,NORMAL,0,NORMAL,NONE,0,0.0,LOW,NORMAL,All monitoring checks normal.,Continue normal monitoring.
2026-09-04 10:00:00+05:30,31.85,57.94613,1003.99347,15.784676,0.2,0.1,NONE,1,False,0.10815415779293902,0.3000000000000007,-4.107077000000004,0.004369999999994434,False,False,False,False,False,False,False,NORMAL,NORMAL,32.25,57.34054,1005.02264,32.1,59.425972,1000.42487,0.3999999999999986,0.6055899999999994,1.029170000000022,0.25,1.479842000000005,3.5685999999999467,False,NORMAL,NORMAL,0.3999999999999986,1.479842000000005,3.5685999999999467,False,NORMAL,0,NORMAL,NONE,0,0.0,LOW,NORMAL,All monitoring checks normal.,Continue normal monitoring.
2026-09-04 11:00:00+05:30,32.35,56.15888,1003.4038,17.325876,1.1,0.3,NONE,1,False,0.002702441915104603,0.5,-1.7872499999999931,-0.5896699999999555,False,False,False,False,False,False,False,NORMAL,NORMAL,32.6,58.47313,1004.42865,32.4,59.494457,999.8374,0.25,2.314249999999994,1.0248499999999012,0.04999999999999716,3.3355769999999936,3.566400000000044,False,NORMAL,NORMAL,0.25,3.3355769999999936,3.566400000000044,False,NORMAL,0,NORMAL,NONE,0,0.0,LOW,NORMAL,All monitoring checks normal.,Continue normal monitoring.
2026-09-04 12:00:00+05:30,29.65,74.57161,1003.56287,20.57125,1.6,0.70000005,NONE,-1,True,-0.05772090826956755,-2.700000000000003,18.412730000000003,0.15906999999992877,False,False,False,True,False,False,True,HUMIDITY_INCONSISTENCY,HUMIDITY_INCONSISTENCY,30.45,74.03747,1004.40466,30.4,75.36128,999.8846,0.8000000000000007,0.5341400000000078,0.84179000000006,0.75,0.7896699999999868,3.6782699999999977,False,NORMAL,NORMAL,0.8000000000000007,0.7896699999999868,3.6782699999999977,True,HUMIDITY_SPIKE,3,SENSOR FAULT,HUMIDITY SPIKE,3,75.0,HIGH,HIGH,Isolation Forest anomaly; sudden humidity change; HUMIDITY_INCONSISTENCY,Inspect humidity sensor and verify calibration.
2026-09-04 13:00:00+05:30,31.3,68.66422,1002.09375,19.320465,0.2,0.0,NONE,1,False,0.08846636963368887,1.6500000000000021,-5.907390000000007,-1.4691199999999753,False,False,False,False,False,False,False,NORMAL,NORMAL,31.25,68.859924,1003.1179,31.5,68.702255,998.5242,0.05000000000000071,0.19570400000000632,1.0241499999999633,0.1999999999999993,0.0380349999999936,3.5695500000000493,False,NORMAL,NORMAL,0.1999999999999993,0.19570400000000632,3.5695500000000493,False,NORMAL,0,NORMAL,NONE,0,0.0,LOW,NORMAL,All monitoring checks normal.,Continue normal monitoring.
2026-09-04 14:00:00+05:30,31.0,71.3206,1001.39264,17.414474,0.0,0.0,NONE,1,False,0.13068832078651815,-0.3000000000000007,2.6563799999999986,-0.7011099999999715,False,False,False,False,False,False,False,NORMAL,NORMAL,31.7,66.52227,1002.42523,31.45,70.348175,997.82855,0.6999999999999993,4.798329999999993,1.0325900000000274,0.4499999999999993,0.9724250000000012,3.5640900000000784,False,NORMAL,NORMAL,0.6999999999999993,4.798329999999993,3.5640900000000784,False,NORMAL,0,NORMAL,NONE,0,0.0,LOW,NORMAL,All monitoring checks normal.,Continue normal monitoring.
2026-09-04 15:00:00+05:30,30.35,74.90696,1000.8854,15.435983,0.0,0.0,NONE,1,False,0.1558969542370925,-0.6499999999999986,3.586359999999999,-0.5072400000000243,False,False,False,False,False,False,False,NORMAL,NORMAL,30.75,73.64809,1002.01624,30.55,75.384895,997.40826,0.3999999999999986,1.2588700000000017,1.1308400000000347,0.1999999999999993,0.4779350000000022,3.477139999999963,False,NORMAL,NORMAL,0.3999999999999986,1.2588700000000017,3.477139999999963,False,NORMAL,0,NORMAL,NONE,0,0.0,LOW,NORMAL,All monitoring checks normal.,Continue normal monitoring.
2026-09-04 16:00:00+05:30,29.8,77.77145,1000.6782,12.4811535,0.0,0.0,NONE,1,False,0.18521979231493385,-0.5500000000000007,2.8644900000000035,-0.20720000000005712,False,False,False,False,False,False,False,NORMAL,NORMAL,29.9,78.94767,1001.7078,29.85,78.47411,997.0921,0.09999999999999787,1.1762200000000007,1.0296000000000731,0.05000000000000071,0.7026599999999945,3.5860999999999876,False,NORMAL,NORMAL,0.09999999999999787,1.1762200000000007,3.5860999999999876,False,NORMAL,0,NORMAL,NONE,0,0.0,LOW,NORMAL,All monitoring checks normal.,Continue normal monitoring.
2026-09-04 17:00:00+05:30,30.2,77.369354,1001.381,11.792404,0.0,0.0,NONE,1,False,0.19076542708329708,0.3999999999999986,-0.40209600000000023,0.7028000000000247,False,False,False,False,False,False,False,NORMAL,NORMAL,30.35,77.620705,1002.50995,30.35,76.70672,997.79974,0.15000000000000213,0.25135099999999966,1.1289500000000317,0.15000000000000213,0.6626339999999971,3.5812599999999293,False,NORMAL,NORMAL,0.15000000000000213,0.6626339999999971,3.5812599999999293,False,NORMAL,0,NORMAL,NONE,0,0.0,LOW,NORMAL,All monitoring checks normal.,Continue normal monitoring.
2026-09-04 18:00:00+05:30,29.4,82.71014,1002.2649,10.261579,0.0,0.0,NONE,1,False,0.19630179431777262,-0.8000000000000007,5.340785999999994,0.8839000000000397,False,False,False,False,False,False,False,NORMAL,NORMAL,29.4,81.014275,1003.3965,29.5,81.26713,998.6703,0.0,1.6958649999999977,1.1315999999999349,0.10000000000000142,1.443010000000001,3.594600000000014,False,NORMAL,NORMAL,0.10000000000000142,1.6958649999999977,3.594600000000014,False,NORMAL,0,NORMAL,NONE,0,0.0,LOW,NORMAL,All monitoring checks normal.,Continue normal monitoring.
2026-09-04 19:00:00+05:30,29.1,84.40527,1003.15625,10.662626,0.0,0.0,NONE,1,False,0.183699031966658,-0.29999999999999716,1.695130000000006,0.8913499999999885,False,False,False,False,False,False,False,NORMAL,NORMAL,28.8,83.875114,1004.28656,29.05,83.65452,999.55115,0.3000000000000007,0.5301560000000052,1.1303100000000086,0.05000000000000071,0.7507499999999965,3.605099999999993,False,NORMAL,NORMAL,0.3000000000000007,0.7507499999999965,3.605099999999993,False,NORMAL,0,NORMAL,NONE,0,0.0,LOW,NORMAL,All monitoring checks normal.,Continue normal monitoring.
2026-09-04 20:00:00+05:30,28.8,86.64851,1003.55,10.735306,0.0,0.0,NONE,1,False,0.17382572811095165,-0.3000000000000007,2.24324,0.3937499999999545,False,False,False,False,False,False,False,NORMAL,NORMAL,28.35,87.37945,1004.68005,28.65,86.634735,999.9373,0.4499999999999993,0.7309400000000039,1.1300500000000966,0.15000000000000213,0.01377499999999543,3.6126999999999043,False,NORMAL,NORMAL,0.4499999999999993,0.7309400000000039,3.6126999999999043,False,NORMAL,0,NORMAL,NONE,0,0.0,LOW,NORMAL,All monitoring checks normal.,Continue normal monitoring.
2026-09-04 21:00:00+05:30,28.5,88.43072,1004.04333,9.686609,0.0,0.0,NONE,1,False,0.17099982893355675,-0.3000000000000007,1.782209999999992,0.4933300000000145,False,False,False,False,False,False,False,NORMAL,NORMAL,28.0,89.44285,1005.17426,28.25,88.9346,1000.52185,0.5,1.0121300000000133,1.1309300000000349,0.25,0.5038800000000094,3.521479999999997,False,NORMAL,NORMAL,0.5,1.0121300000000133,3.521479999999997,False,NORMAL,0,NORMAL,NONE,0,0.0,LOW,NORMAL,All monitoring checks normal.,Continue normal monitoring.
2026-09-04 22:00:00+05:30,28.2,89.45759,1004.3373,9.585739,0.0,0.0,NONE,1,False,0.16733890771941828,-0.3000000000000007,1.0268700000000024,0.29397000000005846,False,False,False,False,False,False,False,NORMAL,NORMAL,27.85,89.431755,1005.57135,27.95,89.96962,1000.81165,0.34999999999999787,0.02583500000000072,1.2340500000000247,0.25,0.51203000000001,3.5256500000000415,False,NORMAL,NORMAL,0.34999999999999787,0.51203000000001,3.5256500000000415,False,NORMAL,0,NORMAL,NONE,0,0.0,LOW,NORMAL,All monitoring checks normal.,Continue normal monitoring.
2026-09-04 23:00:00+05:30,28.1,89.71486,1003.93787,10.993271,0.0,0.0,NONE,1,False,0.16233844957516952,-0.09999999999999787,0.25727000000000544,-0.39943000000005213,False,False,False,False,False,False,False,NORMAL,NORMAL,27.75,88.895905,1005.0718,27.95,89.43913,1000.41486,0.3500000000000014,0.8189550000000025,1.1339300000000776,0.15000000000000213,0.2757299999999958,3.5230099999999993,False,NORMAL,NORMAL,0.3500000000000014,0.8189550000000025,3.5230099999999993,False,NORMAL,0,NORMAL,NONE,0,0.0,LOW,NORMAL,All monitoring checks normal.,Continue normal monitoring.
2026-09-05 00:00:00+05:30,27.8,90.492836,1003.63446,10.373061,0.0,0.0,NONE,1,False,0.16503988844265516,-0.3000000000000007,0.7779759999999953,-0.3034099999999853,False,False,False,False,False,False,False,NORMAL,NORMAL,27.5,89.140785,1004.7701,27.65,90.21526,1000.10913,0.3000000000000007,1.352051000000003,1.1356399999999667,0.15000000000000213,0.27757599999999627,3.52532999999994,False,NORMAL,NORMAL,0.3000000000000007,1.352051000000003,3.52532999999994,False,NORMAL,0,NORMAL,NONE,0,0.0,LOW,NORMAL,All monitoring checks normal.,Continue normal monitoring.
2026-09-05 01:00:00+05:30,27.45,91.54769,1003.6291,8.338489,0.0,0.0,NONE,1,False,0.16522462351411843,-0.3500000000000014,1.054854000000006,-0.005359999999996035,False,False,False,False,False,False,False,NORMAL,NORMAL,27.2,90.1842,1004.76685,27.3,91.53869,1000.0004,0.25,1.3634899999999988,1.1377499999999827,0.14999999999999858,0.009000000000000341,3.6286999999999807,False,NORMAL,NORMAL,0.25,1.3634899999999988,3.6286999999999807,False,NORMAL,0,NORMAL,NONE,0,0.0,LOW,NORMAL,All monitoring checks normal.,Continue normal monitoring.
2026-09-05 02:00:00+05:30,27.15,92.621506,1003.2265,6.198903,0.0,0.0,NONE,1,False,0.14864829374752292,-0.3000000000000007,1.0738159999999937,-0.40260000000000673,False,False,False,False,False,False,False,NORMAL,NORMAL,26.9,91.786995,1004.3647,26.9,93.15945,999.593,0.25,0.834510999999992,1.1381999999999834,0.25,0.5379440000000102,3.6335000000000264,False,NORMAL,NORMAL,0.25,0.834510999999992,3.6335000000000264,False,NORMAL,0,NORMAL,NONE,0,0.0,LOW,NORMAL,All monitoring checks normal.,Continue normal monitoring.
2026-09-05 03:00:00+05:30,26.85,93.71114,1003.22174,6.452441,0.0,0.0,NONE,1,False,0.14392852696423725,-0.29999999999999716,1.0896340000000038,-0.00476000000003296,False,False,False,False,False,False,False,NORMAL,NORMAL,26.6,92.8682,1004.36127,26.6,94.25785,999.684,0.25,0.8429399999999987,1.1395300000000361,0.25,0.5467100000000045,3.5377399999999852,False,NORMAL,NORMAL,0.25,0.8429399999999987,3.5377399999999852,False,NORMAL,0,NORMAL,NONE,0,0.0,LOW,NORMAL,All monitoring checks normal.,Continue normal monitoring.
2026-09-05 04:00:00+05:30,26.7,93.704346,1003.5182,6.830519,0.0,0.0,NONE,1,False,0.14133916398117025,-0.15000000000000213,-0.006793999999999301,0.2964600000000246,False,False,False,False,False,False,False,NORMAL,NORMAL,26.4,93.690765,1004.6581,26.45,94.25163,999.8783,0.3000000000000007,0.013581000000002064,1.1399000000000115,0.25,0.5472840000000048,3.6399000000000115,False,NORMAL,NORMAL,0.3000000000000007,0.5472840000000048,3.6399000000000115,False,NORMAL,0,NORMAL,NONE,0,0.0,LOW,NORMAL,All monitoring checks normal.,Continue normal monitoring.
2026-09-05 05:00:00+05:30,26.7,94.54189,1003.9164,5.3305535,0.0,0.0,NONE,1,False,0.1102270558257818,0.0,0.8375439999999941,0.39819999999997435,False,False,False,False,False,False,False,NORMAL,NORMAL,26.5,92.587135,1005.0577,26.35,95.09147,1000.27264,0.1999999999999993,1.9547549999999916,1.141300000000001,0.34999999999999787,0.549580000000006,3.6437599999999293,False,NORMAL,NORMAL,0.34999999999999787,1.9547549999999916,3.6437599999999293,False,NORMAL,0,NORMAL,NONE,0,0.0,LOW,NORMAL,All monitoring checks normal.,Continue normal monitoring.
2026-09-05 06:00:00+05:30,27.15,92.34747,1004.71967,6.452441,0.0,0.0,NONE,1,False,0.13162922432216778,0.4499999999999993,-2.194419999999994,0.8032699999999977,False,False,False,False,False,False,False,NORMAL,NORMAL,27.25,89.12176,1005.8634,27.25,90.72477,1001.1896,0.10000000000000142,3.2257100000000065,1.143730000000005,0.10000000000000142,1.6226999999999947,3.5300699999999097,False,NORMAL,NORMAL,0.10000000000000142,3.2257100000000065,3.5300699999999097,False,NORMAL,0,NORMAL,NONE,0,0.0,LOW,NORMAL,All monitoring checks normal.,Continue normal monitoring.
2026-09-05 07:00:00+05:30,28.85,84.12935,1005.3425,6.384293,0.0,0.0,NONE,1,False,0.16404708168958398,1.7000000000000028,-8.218119999999999,0.6228300000000218,False,False,False,False,False,False,False,NORMAL,NORMAL,28.85,83.880554,1006.57935,28.95,84.14011,1001.8303,0.0,0.24879599999999868,1.236850000000004,0.09999999999999787,0.010760000000004766,3.512200000000007,False,NORMAL,NORMAL,0.09999999999999787,0.24879599999999868,3.512200000000007,False,NORMAL,0,NORMAL,NONE,0,0.0,LOW,NORMAL,All monitoring checks normal.,Continue normal monitoring.
2026-09-05 08:00:00+05:30,30.6,75.84088,1005.56805,7.754637,0.0,0.0,NONE,1,False,0.1558956202619297,1.75,-8.288470000000004,0.22554999999999836,False,False,False,False,False,False,False,NORMAL,NORMAL,30.45,76.26853,1006.79663,30.6,76.744194,1002.072,0.15000000000000213,0.42764999999999986,1.228580000000079,0.0,0.9033139999999946,3.4960499999999683,False,NORMAL,NORMAL,0.15000000000000213,0.9033139999999946,3.4960499999999683,False,NORMAL,0,NORMAL,NONE,0,0.0,LOW,NORMAL,All monitoring checks normal.,Continue normal monitoring.
2026-09-05 09:00:00+05:30,32.0,62.52632,1005.2899,9.6932955,0.0,0.0,NONE,1,False,0.14378988452770924,1.3999999999999986,-13.31456,-0.27814999999998236,False,False,False,True,False,False,True,HUMIDITY_INCONSISTENCY,HUMIDITY_INCONSISTENCY,31.8,63.811287,1006.5128,31.9,64.60218,1001.8088,0.1999999999999993,1.2849670000000017,1.2228999999999814,0.10000000000000142,2.075860000000006,3.4810999999999694,False,NORMAL,NORMAL,0.1999999999999993,2.075860000000006,3.4810999999999694,True,HUMIDITY_SPIKE,2,SENSOR FAULT,HUMIDITY SPIKE,2,50.0,MEDIUM,MEDIUM,sudden humidity change; HUMIDITY_INCONSISTENCY,Inspect humidity sensor and verify calibration.
2026-09-05 10:00:00+05:30,32.55,57.237797,1005.1985,11.225132,0.2,0.1,NONE,1,False,0.10339783801076491,0.5499999999999972,-5.288522999999998,-0.09140000000002146,False,False,False,False,False,False,False,NORMAL,NORMAL,32.4,59.674046,1006.32007,32.55,60.068565,1001.7262,0.14999999999999858,2.4362489999999966,1.1215700000000197,0.0,2.830767999999999,3.4723000000000184,False,NORMAL,NORMAL,0.14999999999999858,2.830767999999999,3.4723000000000184,False,NORMAL,0,NORMAL,NONE,0,0.0,LOW,NORMAL,All monitoring checks normal.,Continue normal monitoring.
2026-09-05 11:00:00+05:30,33.7,52.6911,1004.3192,10.1887,0.6,0.40000004,NONE,1,False,0.05182675345891874,1.1500000000000057,-4.546697000000002,-0.8792999999999438,False,False,False,False,False,False,False,NORMAL,NORMAL,33.6,53.795643,1005.43634,33.65,54.95836,1000.76276,0.10000000000000142,1.1045429999999996,1.1171399999999494,0.05000000000000426,2.2672600000000003,3.556440000000066,False,NORMAL,NORMAL,0.10000000000000142,2.2672600000000003,3.556440000000066,False,NORMAL,0,NORMAL,NONE,0,0.0,LOW,NORMAL,All monitoring checks normal.,Continue normal monitoring.
2026-09-05 12:00:00+05:30,33.6,51.872227,1003.8202,11.079873,0.2,0.2,NONE,1,False,0.10655344024698316,-0.10000000000000142,-0.8188729999999964,-0.49900000000002365,False,False,False,False,False,False,False,NORMAL,NORMAL,33.8,52.397316,1004.8403,33.85,53.370804,1000.2716,0.19999999999999574,0.5250889999999941,1.0200999999999567,0.25,1.4985769999999974,3.548599999999965,False,NORMAL,NORMAL,0.25,1.4985769999999974,3.548599999999965,False,NORMAL,0,NORMAL,NONE,0,0.0,LOW,NORMAL,All monitoring checks normal.,Continue normal monitoring.
2026-09-05 13:00:00+05:30,31.6,66.10562,1002.89496,17.688606,0.8,0.3,NONE,1,False,0.07108592700410887,-2.0,14.233393,-0.9252400000000307,False,False,False,True,False,False,True,HUMIDITY_INCONSISTENCY,HUMIDITY_INCONSISTENCY,31.4,66.8613,1004.0168,31.5,66.88116,999.41705,0.20000000000000284,0.7556799999999981,1.1218400000000202,0.10000000000000142,0.7755399999999923,3.4779099999999517,False,NORMAL,NORMAL,0.20000000000000284,0.7755399999999923,3.4779099999999517,True,HUMIDITY_SPIKE,2,SENSOR FAULT,HUMIDITY SPIKE,2,50.0,MEDIUM,MEDIUM,sudden humidity change; HUMIDITY_INCONSISTENCY,Inspect humidity sensor and verify calibration.
2026-09-05 14:00:00+05:30,32.3,61.474266,1002.30774,14.224556,0.1,0.1,NONE,1,False,0.14737851867996626,0.6999999999999957,-4.631354000000002,-0.5872200000000021,False,False,False,False,False,False,False,NORMAL,NORMAL,30.8,69.18745,1003.51154,31.7,65.143654,998.8271,1.4999999999999964,7.713183999999998,1.203800000000001,0.5999999999999979,3.669387999999998,3.480639999999994,False,NORMAL,NORMAL,1.4999999999999964,7.713183999999998,3.480639999999994,False,NORMAL,0,NORMAL,NONE,0,0.0,LOW,NORMAL,All monitoring checks normal.,Continue normal monitoring.
2026-09-05 15:00:00+05:30,32.05,63.864143,1001.9061,13.878689,0.0,0.0,NONE,1,False,0.1621400833759999,-0.25,2.3898769999999985,-0.4016399999999294,False,False,False,False,False,False,False,NORMAL,NORMAL,31.35,68.26503,1003.0196,31.8,66.14597,998.4329,0.6999999999999957,4.400886999999997,1.1134999999999309,0.24999999999999645,2.281827000000007,3.47320000000002,False,NORMAL,NORMAL,0.6999999999999957,4.400886999999997,3.47320000000002,False,NORMAL,0,NORMAL,NONE,0,0.0,LOW,NORMAL,All monitoring checks normal.,Continue normal monitoring.
2026-09-05 16:00:00+05:30,31.15,68.84097,1001.6934,12.815443,0.0,0.0,NONE,1,False,0.18079698150651757,-0.8999999999999986,4.976827,-0.21270000000004075,False,False,False,False,False,False,False,NORMAL,NORMAL,30.95,70.67714,1002.8158,31.15,69.87574,998.1182,0.1999999999999993,1.8361699999999956,1.1223999999999705,0.0,1.0347699999999946,3.5751999999999953,False,NORMAL,NORMAL,0.1999999999999993,1.8361699999999956,3.5751999999999953,False,NORMAL,0,NORMAL,NONE,0,0.0,LOW,NORMAL,All monitoring checks normal.,Continue normal monitoring.
2026-09-05 17:00:00+05:30,31.0,63.06727,1002.189,12.221457,0.0,0.0,NONE,1,False,0.18070465268809693,-0.14999999999999858,-5.773699999999998,0.4955999999999676,False,False,False,False,False,False,False,NORMAL,NORMAL,30.4,69.52792,1003.4075,30.65,67.316444,998.70074,0.6000000000000014,6.460649999999994,1.2185000000000628,0.3500000000000014,4.249174000000004,3.4882599999999684,False,NORMAL,NORMAL,0.6000000000000014,6.460649999999994,3.4882599999999684,False,NORMAL,0,NORMAL,NONE,0,0.0,LOW,NORMAL,All monitoring checks normal.,Continue normal monitoring.
2026-09-05 18:00:00+05:30,29.95,71.13303,1003.0695,9.54679,0.0,0.0,NONE,1,False,0.18968081760753314,-1.0500000000000007,8.065760000000004,0.8804999999999836,False,False,False,False,False,False,False,NORMAL,NORMAL,29.5,72.128624,1004.1947,29.7,71.5166,999.56836,0.4499999999999993,0.995593999999997,1.1252000000000635,0.25,0.38356999999999175,3.501139999999964,False,NORMAL,NORMAL,0.4499999999999993,0.995593999999997,3.501139999999964,False,NORMAL,0,NORMAL,NONE,0,0.0,LOW,NORMAL,All monitoring checks normal.,Continue normal monitoring.
2026-09-05 19:00:00+05:30,29.3,77.93096,1003.6571,8.53815,0.0,0.0,NONE,1,False,0.19452418623950463,-0.6499999999999986,6.797929999999994,0.5876000000000658,False,False,False,False,False,False,False,NORMAL,NORMAL,28.85,79.74828,1004.8851,29.05,78.8301,1000.14636,0.4499999999999993,1.8173199999999952,1.2279999999999518,0.25,0.8991400000000027,3.5107400000000553,False,NORMAL,NORMAL,0.4499999999999993,1.8173199999999952,3.5107400000000553,False,NORMAL,0,NORMAL,NONE,0,0.0,LOW,NORMAL,All monitoring checks normal.,Continue normal monitoring.
2026-09-05 20:00:00+05:30,28.9,83.14371,1004.4475,6.854195,0.0,0.0,NONE,1,False,0.17837273964903905,-0.40000000000000213,5.21275,0.7903999999999769,False,False,False,False,False,False,False,NORMAL,NORMAL,28.35,85.08023,1005.57697,28.6,84.60276,1000.829,0.5499999999999972,1.9365200000000016,1.1294699999999693,0.29999999999999716,1.4590500000000048,3.61850000000004,False,NORMAL,NORMAL,0.5499999999999972,1.9365200000000016,3.61850000000004,False,NORMAL,0,NORMAL,NONE,0,0.0,LOW,NORMAL,All monitoring checks normal.,Continue normal monitoring.
2026-09-05 21:00:00+05:30,28.7,85.87462,1005.0417,6.945761,0.0,0.0,NONE,1,False,0.1648888903932264,-0.1999999999999993,2.7309099999999944,0.5942000000000007,False,False,False,False,False,False,False,NORMAL,NORMAL,28.0,87.090164,1006.27057,28.35,87.12134,1001.51666,0.6999999999999993,1.2155440000000084,1.228870000000029,0.34999999999999787,1.2467200000000105,3.52503999999999,False,NORMAL,NORMAL,0.6999999999999993,1.2467200000000105,3.52503999999999,False,NORMAL,0,NORMAL,NONE,0,0.0,LOW,NORMAL,All monitoring checks normal.,Continue normal monitoring.
2026-09-05 22:00:00+05:30,28.45,87.38819,1005.23694,6.9247384,0.0,0.0,NONE,1,False,0.15758187167502957,-0.25,1.5135700000000014,0.19524000000001251,False,False,False,False,False,False,False,NORMAL,NORMAL,27.8,87.33138,1006.36804,28.05,88.39451,1001.6077,0.6499999999999986,0.056809999999998695,1.1310999999999467,0.3999999999999986,1.0063200000000023,3.6292399999999816,False,NORMAL,NORMAL,0.6499999999999986,1.0063200000000023,3.6292399999999816,False,NORMAL,0,NORMAL,NONE,0,0.0,LOW,NORMAL,All monitoring checks normal.,Continue normal monitoring.
2026-09-05 23:00:00+05:30,28.5,88.17019,1004.9393,8.953078,0.0,0.0,NONE,1,False,0.16337594038407072,0.05000000000000071,0.7820000000000107,-0.29764000000000124,False,False,False,False,False,False,False,NORMAL,NORMAL,27.95,88.12491,1006.17065,28.25,88.410614,1001.4147,0.5500000000000007,0.045280000000005316,1.2313500000000204,0.25,0.2404239999999902,3.524599999999964,False,NORMAL,NORMAL,0.5500000000000007,0.2404239999999902,3.524599999999964,False,NORMAL,0,NORMAL,NONE,0,0.0,LOW,NORMAL,All monitoring checks normal.,Continue normal monitoring.
2026-09-06 00:00:00+05:30,28.15,89.45393,1004.43616,8.2584505,0.0,0.0,NONE,1,False,0.16928739781712787,-0.3500000000000014,1.2837399999999946,-0.5031400000000303,False,False,False,False,False,False,False,NORMAL,NORMAL,27.6,89.41322,1005.66815,27.8,90.225586,1000.9067,0.5499999999999972,0.04071000000000424,1.2319899999999961,0.34999999999999787,0.7716560000000072,3.529459999999972,False,NORMAL,NORMAL,0.5499999999999972,0.7716560000000072,3.529459999999972,False,NORMAL,0,NORMAL,NONE,0,0.0,LOW,NORMAL,All monitoring checks normal.,Continue normal monitoring.
2026-09-06 01:00:00+05:30,27.8,90.760735,1004.0326,7.42159,0.0,0.0,NONE,1,False,0.16386582958064438,-0.34999999999999787,1.306804999999997,-0.4035599999999704,False,False,False,False,False,False,False,NORMAL,NORMAL,27.45,89.137,1005.268,27.5,91.28014,1000.5017,0.3500000000000014,1.6237349999999964,1.235400000000027,0.3000000000000007,0.5194050000000061,3.530899999999974,False,NORMAL,NORMAL,0.3500000000000014,1.6237349999999964,3.530899999999974,False,NORMAL,0,NORMAL,NONE,0,0.0,LOW,NORMAL,All monitoring checks normal.,Continue normal monitoring.
2026-09-06 02:00:00+05:30,27.55,91.0135,1003.8298,7.458606,0.0,0.0,NONE,1,False,0.16815614821795194,-0.25,0.2527649999999966,-0.20280000000002474,False,False,False,False,False,False,False,NORMAL,NORMAL,27.3,88.071075,1004.9671,27.3,90.997574,1000.1988,0.25,2.942425,1.137299999999982,0.25,0.015925999999993223,3.630999999999972,False,NORMAL,NORMAL,0.25,2.942425,3.630999999999972,False,NORMAL,0,NORMAL,NONE,0,0.0,LOW,NORMAL,All monitoring checks normal.,Continue normal monitoring.
2026-09-06 03:00:00+05:30,27.3,90.45924,1003.42786,6.5520988,0.0,0.0,NONE,1,False,0.16654648824902718,-0.25,-0.5542599999999993,-0.40193999999996777,False,False,False,False,False,False,False,NORMAL,NORMAL,27.1,87.00952,1004.5663,27.0,90.43899,999.79425,0.1999999999999993,3.4497199999999992,1.138439999999946,0.3000000000000007,0.02024999999999011,3.633609999999976,False,NORMAL,NORMAL,0.3000000000000007,3.4497199999999992,3.633609999999976,False,NORMAL,0,NORMAL,NONE,0,0.0,LOW,NORMAL,All monitoring checks normal.,Continue normal monitoring.
2026-09-06 04:00:00+05:30,27.05,89.638794,1003.424,5.937272,0.0,0.0,NONE,1,False,0.15879034307367762,-0.25,-0.8204459999999898,-0.003860000000031505,False,False,False,False,False,False,False,NORMAL,NORMAL,26.85,86.46775,1004.5634,26.7,90.14952,999.78613,0.1999999999999993,3.171044000000009,1.1394000000000233,0.3500000000000014,0.5107259999999911,3.637870000000021,False,NORMAL,NORMAL,0.3500000000000014,3.171044000000009,3.637870000000021,False,NORMAL,0,NORMAL,NONE,0,0.0,LOW,NORMAL,All monitoring checks normal.,Continue normal monitoring.
2026-09-06 05:00:00+05:30,26.7,92.04869,1003.9164,2.5264204,0.0,0.0,NONE,1,False,0.05865574358624348,-0.3500000000000014,2.409895999999989,0.4923999999999751,False,False,False,False,False,False,False,NORMAL,NORMAL,26.4,90.93997,1005.0567,26.55,91.493484,1000.37714,0.3000000000000007,1.108719999999991,1.1403000000000247,0.14999999999999858,0.5552059999999983,3.5392599999998993,False,NORMAL,NORMAL,0.3000000000000007,1.108719999999991,3.5392599999998993,False,NORMAL,0,NORMAL,NONE,0,0.0,LOW,NORMAL,All monitoring checks normal.,Continue normal monitoring.
2026-09-06 06:00:00+05:30,27.25,88.06693,1004.4226,4.5322843,0.0,0.0,NONE,1,False,0.12550792262668975,0.5500000000000007,-3.981759999999994,0.5062000000000353,False,False,False,False,False,False,False,NORMAL,NORMAL,27.0,88.57304,1005.6612,27.1,89.110306,1000.8879,0.25,0.5061100000000067,1.2386000000000195,0.14999999999999858,1.043375999999995,3.5347000000000435,False,NORMAL,NORMAL,0.25,1.043375999999995,3.5347000000000435,False,NORMAL,0,NORMAL,NONE,0,0.0,LOW,NORMAL,All monitoring checks normal.,Continue normal monitoring.
2026-09-06 07:00:00+05:30,29.15,78.142136,1005.0486,4.5536795,0.0,0.0,NONE,1,False,0.14735101913682624,1.8999999999999986,-9.924794000000006,0.6259999999999764,False,False,False,False,False,False,False,NORMAL,NORMAL,28.9,80.71064,1006.28094,29.0,80.72342,1001.53394,0.25,2.5685040000000043,1.232340000000022,0.14999999999999858,2.581284000000011,3.5146599999999353,False,NORMAL,NORMAL,0.25,2.581284000000011,3.5146599999999353,False,NORMAL,0,NORMAL,NONE,0,0.0,LOW,NORMAL,All monitoring checks normal.,Continue normal monitoring.
2026-09-06 08:00:00+05:30,31.1,68.421234,1005.5753,6.6185193,0.0,0.0,NONE,1,False,0.13840248222375195,1.9500000000000028,-9.720901999999995,0.5267000000000053,False,False,False,False,False,False,False,NORMAL,NORMAL,30.7,71.90751,1006.7995,30.85,72.36312,1002.0787,0.40000000000000213,3.4862760000000037,1.2241999999999962,0.25,3.9418859999999967,3.496599999999944,False,NORMAL,NORMAL,0.40000000000000213,3.9418859999999967,3.496599999999944,False,NORMAL,0,NORMAL,NONE,0,0.0,LOW,NORMAL,All monitoring checks normal.,Continue normal monitoring.
2026-09-06 09:00:00+05:30,32.85,59.239742,1005.7007,8.427383,0.0,0.0,NONE,1,False,0.1224629099565735,1.75,-9.181491999999999,0.12540000000001328,False,False,False,False,False,False,False,NORMAL,NORMAL,32.3,62.967556,1006.9168,32.5,63.578075,1002.22107,0.5500000000000043,3.727814000000002,1.216099999999983,0.3500000000000014,4.338332999999999,3.479629999999929,False,NORMAL,NORMAL,0.5500000000000043,4.338332999999999,3.479629999999929,False,NORMAL,0,NORMAL,NONE,0,0.0,LOW,NORMAL,All monitoring checks normal.,Continue normal monitoring.
2026-09-06 10:00:00+05:30,34.25,51.56476,1005.62164,9.4238205,0.0,0.0,NONE,1,False,0.10337131443609365,1.3999999999999986,-7.674982,-0.07906000000002678,False,False,False,False,False,False,False,NORMAL,NORMAL,33.65,53.645317,1006.7323,33.8,55.327164,1002.05615,0.6000000000000014,2.080556999999999,1.1106600000000526,0.45000000000000284,3.7624040000000036,3.5654899999999543,False,NORMAL,NORMAL,0.6000000000000014,3.7624040000000036,3.5654899999999543,False,NORMAL,0,NORMAL,NONE,0,0.0,LOW,NORMAL,All monitoring checks normal.,Continue normal monitoring.
2026-09-06 11:00:00+05:30,35.2,44.642796,1004.54016,9.867218,0.2,0.2,NONE,1,False,0.06694437400542486,0.9500000000000028,-6.921964000000003,-1.0814799999999423,False,False,False,False,False,False,False,NORMAL,NORMAL,34.75,47.770798,1005.64795,34.85,48.38221,1000.99194,0.45000000000000284,3.128002000000002,1.1077900000000227,0.3500000000000014,3.7394140000000036,3.548220000000015,False,NORMAL,NORMAL,0.45000000000000284,3.7394140000000036,3.548220000000015,False,NORMAL,0,NORMAL,NONE,0,0.0,LOW,NORMAL,All monitoring checks normal.,Continue normal monitoring.
2026-09-06 12:00:00+05:30,33.1,55.49297,1004.41034,17.325876,0.5,0.4,NONE,1,False,0.07586830405877709,-2.1000000000000014,10.850174000000003,-0.12981999999999516,False,False,False,True,False,False,True,HUMIDITY_INCONSISTENCY,HUMIDITY_INCONSISTENCY,33.75,53.507805,1005.3382,32.9,60.69098,1000.8424,0.6499999999999986,1.985165000000002,0.9278600000000097,0.20000000000000284,5.198010000000004,3.5679400000000214,False,NORMAL,NORMAL,0.6499999999999986,5.198010000000004,3.5679400000000214,True,HUMIDITY_SPIKE,2,SENSOR FAULT,HUMIDITY SPIKE,2,50.0,MEDIUM,MEDIUM,sudden humidity change; HUMIDITY_INCONSISTENCY,Inspect humidity sensor and verify calibration.
2026-09-06 13:00:00+05:30,32.95,56.81516,1003.2135,19.64228,0.4,0.3,NONE,1,False,0.05886779942665299,-0.14999999999999858,1.322189999999999,-1.1968400000000656,False,False,False,False,False,False,False,NORMAL,NORMAL,32.25,62.206078,1004.32495,32.45,61.322964,999.7395,0.7000000000000028,5.390917999999999,1.1114499999999907,0.5,4.507804,3.4739999999999327,False,NORMAL,NORMAL,0.7000000000000028,5.390917999999999,3.4739999999999327,False,NORMAL,0,NORMAL,NONE,0,0.0,LOW,NORMAL,All monitoring checks normal.,Continue normal monitoring.
2026-09-06 14:00:00+05:30,33.5,53.28426,1002.4249,17.932373,0.0,0.0,NONE,1,False,0.08471750398838374,0.5499999999999972,-3.5308999999999955,-0.788599999999974,False,False,False,False,False,False,False,NORMAL,NORMAL,31.85,64.01358,1003.62286,32.5,60.601555,998.94714,1.6499999999999986,10.729320000000001,1.1979599999999664,1.0,7.317294999999994,3.4777599999999893,False,STATION B CHECK,STATION B HUMIDITY DIFFERENCE,1.6499999999999986,10.729320000000001,3.4777599999999893,False,NORMAL,0,NORMAL,HUMIDITY SENSOR BIAS,0,0.0,LOW,NORMAL,STATION B CHECK,Compare humidity sensor with nearby stations and recalibrate if required.
2026-09-06 15:00:00+05:30,31.45,62.78443,1001.8973,15.027575,0.6,0.20000002,NONE,1,False,0.11154802901859656,-2.0500000000000007,9.500169999999997,-0.5276000000000067,False,False,False,False,False,False,False,NORMAL,NORMAL,32.25,63.145706,1003.12897,32.5,63.578075,998.4511,0.8000000000000007,0.3612759999999966,1.2316700000000083,1.0500000000000007,0.7936449999999979,3.446199999999976,False,NORMAL,NORMAL,1.0500000000000007,0.7936449999999979,3.446199999999976,False,NORMAL,0,NORMAL,NONE,0,0.0,LOW,NORMAL,All monitoring checks normal.,Continue normal monitoring.
2026-09-06 16:00:00+05:30,31.7,67.52257,1002.0998,14.230248,0.6,0.100000024,NONE,1,False,0.1124284488833382,0.25,4.738140000000001,0.20249999999998636,False,False,False,False,False,False,False,NORMAL,NORMAL,31.55,66.29364,1003.221,31.8,67.5421,998.5321,0.14999999999999858,1.2289300000000054,1.1212000000000444,0.10000000000000142,0.019530000000003156,3.5676999999999452,False,NORMAL,NORMAL,0.14999999999999858,1.2289300000000054,3.5676999999999452,False,NORMAL,0,NORMAL,NONE,0,0.0,LOW,NORMAL,All monitoring checks normal.,Continue normal monitoring.
2026-09-06 17:00:00+05:30,31.55,61.86626,1003.3918,13.608762,0.1,0.1,NONE,1,False,0.14619469061241508,-0.14999999999999858,-5.656310000000005,1.29200000000003,False,False,False,False,False,False,False,NORMAL,NORMAL,30.6,68.32517,1004.6057,30.85,67.35584,999.8962,0.9499999999999993,6.458910000000003,1.213899999999967,0.6999999999999993,5.489580000000004,3.4955999999999676,False,NORMAL,NORMAL,0.9499999999999993,6.458910000000003,3.4955999999999676,False,NORMAL,0,NORMAL,NONE,0,0.0,LOW,NORMAL,All monitoring checks normal.,Continue normal monitoring.
2026-09-06 18:00:00+05:30,29.75,72.60627,1004.3606,11.966954,0.0,0.0,NONE,1,False,0.17745768230663572,-1.8000000000000007,10.740009999999998,0.9687999999999874,False,False,False,True,False,False,True,HUMIDITY_INCONSISTENCY,HUMIDITY_INCONSISTENCY,29.4,76.107765,1005.58905,29.4,75.65432,1000.8503,0.3500000000000014,3.5014950000000056,1.2284500000000662,0.3500000000000014,3.0480500000000035,3.5103000000000293,False,NORMAL,NORMAL,0.3500000000000014,3.5014950000000056,3.5103000000000293,True,HUMIDITY_SPIKE,2,SENSOR FAULT,HUMIDITY SPIKE,2,50.0,MEDIUM,MEDIUM,sudden humidity change; HUMIDITY_INCONSISTENCY,Inspect humidity sensor and verify calibration.
2026-09-06 19:00:00+05:30,29.3,80.04577,1005.0507,9.686609,0.0,0.0,NONE,1,False,0.1816149167192156,-0.4499999999999993,7.4395000000000095,0.6901000000000295,False,False,False,False,False,False,False,NORMAL,NORMAL,28.95,81.4401,1006.28156,29.0,81.688484,1001.4348,0.3500000000000014,1.3943299999999965,1.230860000000007,0.3000000000000007,1.642713999999998,3.6159000000000106,False,NORMAL,NORMAL,0.3500000000000014,1.642713999999998,3.6159000000000106,False,NORMAL,0,NORMAL,NONE,0,0.0,LOW,NORMAL,All monitoring checks normal.,Continue normal monitoring.
2026-09-06 20:00:00+05:30,29.3,82.45424,1005.3494,10.373061,0.0,0.0,NONE,1,False,0.1680654724666194,0.0,2.408469999999994,0.2986999999999398,False,False,False,False,False,False,False,NORMAL,NORMAL,28.6,82.371666,1006.6761,28.85,84.12935,1001.82745,0.6999999999999993,0.08257399999999393,1.3267000000000735,0.4499999999999993,1.6751100000000037,3.521949999999947,False,NORMAL,NORMAL,0.6999999999999993,1.6751100000000037,3.521949999999947,False,NORMAL,0,NORMAL,NONE,0,0.0,LOW,NORMAL,All monitoring checks normal.,Continue normal monitoring.
2026-09-06 21:00:00+05:30,29.1,81.70071,1005.7445,8.827343,0.0,0.0,NONE,1,False,0.160193946821224,-0.1999999999999993,-0.7535299999999978,0.3951000000000704,False,False,False,False,False,False,False,NORMAL,NORMAL,28.45,78.51103,1006.9736,28.55,82.61116,1002.21643,0.6500000000000021,3.1896799999999956,1.2291000000000167,0.5500000000000007,0.9104499999999973,3.5280700000000706,False,NORMAL,NORMAL,0.6500000000000021,3.1896799999999956,3.5280700000000706,False,NORMAL,0,NORMAL,NONE,0,0.0,LOW,NORMAL,All monitoring checks normal.,Continue normal monitoring.
2026-09-06 22:00:00+05:30,28.95,77.18518,1005.6427,9.0,0.0,0.0,NONE,1,False,0.17214402120685574,-0.15000000000000213,-4.515529999999998,-0.10180000000002565,False,False,False,False,False,False,False,NORMAL,NORMAL,28.4,77.33537,1006.8733,28.5,78.28327,1002.1157,0.5500000000000007,0.15018999999999494,1.2305999999999813,0.4499999999999993,1.0980899999999991,3.5270000000000437,False,NORMAL,NORMAL,0.5500000000000007,1.0980899999999991,3.5270000000000437,False,NORMAL,0,NORMAL,NONE,0,0.0,LOW,NORMAL,All monitoring checks normal.,Continue normal monitoring.
2026-09-06 23:00:00+05:30,28.55,77.35753,1004.84033,7.989242,0.0,0.0,NONE,1,False,0.1792942621477902,-0.3999999999999986,0.17234999999999445,-0.8023699999999963,False,False,False,False,False,False,False,NORMAL,NORMAL,27.95,79.62745,1006.071,27.95,80.58839,1001.3077,0.6000000000000014,2.269919999999999,1.230670000000032,0.6000000000000014,3.230860000000007,3.53263000000004,False,NORMAL,NORMAL,0.6000000000000014,3.230860000000007,3.53263000000004,False,NORMAL,0,NORMAL,NONE,0,0.0,LOW,NORMAL,All monitoring checks normal.,Continue normal monitoring.
2026-09-07 00:00:00+05:30,28.15,78.70458,1004.3367,7.689603,0.0,0.0,NONE,1,False,0.1860327475359297,-0.40000000000000213,1.34705000000001,-0.5036300000000438,False,False,False,False,False,False,False,NORMAL,NORMAL,27.65,80.79181,1005.5691,27.6,82.0066,1000.8022,0.5,2.087229999999991,1.2324000000000979,0.5499999999999972,3.302019999999999,3.53449999999998,False,NORMAL,NORMAL,0.5499999999999972,3.302019999999999,3.53449999999998,False,NORMAL,0,NORMAL,NONE,0,0.0,LOW,NORMAL,All monitoring checks normal.,Continue normal monitoring.
2026-09-07 01:00:00+05:30,27.8,79.84673,1004.0326,6.6794305,0.0,0.0,NONE,1,False,0.18159796816599233,-0.34999999999999787,1.1421499999999867,-0.3040999999999485,False,False,False,False,False,False,False,NORMAL,NORMAL,27.45,81.25314,1005.1683,27.2,83.95049,1000.4939,0.3500000000000014,1.4064100000000082,1.1357000000000426,0.6000000000000014,4.103760000000008,3.538699999999949,False,NORMAL,NORMAL,0.6000000000000014,4.103760000000008,3.538699999999949,False,NORMAL,0,NORMAL,NONE,0,0.0,LOW,NORMAL,All monitoring checks normal.,Continue normal monitoring.
2026-09-07 02:00:00+05:30,27.4,81.49141,1003.728,4.8733153,0.0,0.0,NONE,1,False,0.1619645303173003,-0.40000000000000213,1.6446800000000081,-0.3046000000000504,False,False,False,False,False,False,False,NORMAL,NORMAL,27.1,82.937515,1004.8653,26.85,85.95125,1000.0877,0.29999999999999716,1.4461050000000029,1.1373000000000957,0.5499999999999972,4.45984,3.640299999999911,False,NORMAL,NORMAL,0.5499999999999972,4.45984,3.640299999999911,False,NORMAL,0,NORMAL,NONE,0,0.0,LOW,NORMAL,All monitoring checks normal.,Continue normal monitoring.
2026-09-07 03:00:00+05:30,27.15,82.94331,1003.5251,3.7585104,0.0,0.0,NONE,1,False,0.12928888498903723,-0.25,1.4518999999999949,-0.20289999999999964,False,False,False,False,False,False,False,NORMAL,NORMAL,26.8,84.66659,1004.76215,26.75,86.45839,999.98566,0.34999999999999787,1.7232800000000026,1.2370500000000675,0.3999999999999986,3.5150799999999975,3.5394399999998996,False,NORMAL,NORMAL,0.3999999999999986,3.5150799999999975,3.5394399999998996,False,NORMAL,0,NORMAL,NONE,0,0.0,LOW,NORMAL,All monitoring checks normal.,Continue normal monitoring.
2026-09-07 04:00:00+05:30,27.05,83.682495,1003.82227,3.8183763,0.0,0.0,NONE,1,False,0.13450241725723666,-0.09999999999999787,0.7391850000000062,0.297170000000051,False,False,False,False,False,False,False,NORMAL,NORMAL,26.95,84.42859,1005.06305,26.75,86.45839,1000.184,0.10000000000000142,0.7460949999999968,1.2407799999999725,0.3000000000000007,2.7758949999999913,3.638270000000034,False,NORMAL,NORMAL,0.3000000000000007,2.7758949999999913,3.638270000000034,False,NORMAL,0,NORMAL,NONE,0,0.0,LOW,NORMAL,All monitoring checks normal.,Continue normal monitoring.
2026-09-07 05:00:00+05:30,27.6,82.49959,1004.3284,5.0911684,0.0,0.0,NONE,1,False,0.16033391015669524,0.5500000000000007,-1.1829050000000052,0.5061299999999846,False,False,False,False,False,False,False,NORMAL,NORMAL,27.25,84.96763,1005.56445,27.25,85.47745,1000.79285,0.3500000000000014,2.468040000000002,1.2360499999999774,0.3500000000000014,2.977860000000007,3.535549999999944,False,NORMAL,NORMAL,0.3500000000000014,2.977860000000007,3.535549999999944,False,NORMAL,0,NORMAL,NONE,0,0.0,LOW,NORMAL,All monitoring checks normal.,Continue normal monitoring.
2026-09-07 06:00:00+05:30,27.75,82.76447,1004.5297,5.5916004,0.0,0.0,NONE,1,False,0.16364311853753677,0.14999999999999858,0.2648800000000051,0.2013000000000602,False,False,False,False,False,False,False,NORMAL,NORMAL,27.4,85.49241,1005.7657,27.55,85.25258,1000.9994,0.3500000000000014,2.727940000000004,1.23599999999999,0.1999999999999993,2.488109999999992,3.530300000000011,False,NORMAL,NORMAL,0.3500000000000014,2.727940000000004,3.530300000000011,False,NORMAL,0,NORMAL,NONE,0,0.0,LOW,NORMAL,All monitoring checks normal.,Continue normal monitoring.
2026-09-07 07:00:00+05:30,29.55,74.77872,1005.05457,3.462369,0.0,0.0,NONE,1,False,0.11484745251969625,1.8000000000000007,-7.985749999999996,0.5248699999999644,False,False,False,False,False,False,False,NORMAL,NORMAL,29.1,79.07227,1006.28326,29.2,79.558044,1001.5393,0.4499999999999993,4.293549999999996,1.2286900000000287,0.3500000000000014,4.779323999999988,3.515269999999987,False,NORMAL,NORMAL,0.4499999999999993,4.779323999999988,3.515269999999987,False,NORMAL,0,NORMAL,NONE,0,0.0,LOW,NORMAL,All monitoring checks normal.,Continue normal monitoring.
2026-09-07 08:00:00+05:30,31.65,64.74401,1005.1853,4.323748,0.0,0.0,NONE,1,False,0.10925379777261796,2.099999999999998,-10.034710000000004,0.13072999999997137,False,False,False,True,False,False,True,HUMIDITY_INCONSISTENCY,HUMIDITY_INCONSISTENCY,31.1,68.83147,1006.4052,31.2,69.88494,1001.691,0.5499999999999972,4.087459999999993,1.2199000000000524,0.4499999999999993,5.140929999999997,3.494299999999953,False,NORMAL,NORMAL,0.5499999999999972,5.140929999999997,3.494299999999953,True,HUMIDITY_SPIKE,2,SENSOR FAULT,HUMIDITY SPIKE,2,50.0,MEDIUM,MEDIUM,sudden humidity change; HUMIDITY_INCONSISTENCY,Inspect humidity sensor and verify calibration.
2026-09-07 09:00:00+05:30,33.6,53.958714,1005.21405,4.514377,0.0,0.0,NONE,1,False,0.06848365604182377,1.9500000000000028,-10.785296000000002,0.028750000000059117,False,False,False,True,False,False,True,HUMIDITY_INCONSISTENCY,HUMIDITY_INCONSISTENCY,32.7,60.28325,1006.3233,32.85,61.411312,1001.63477,0.8999999999999986,6.324536000000002,1.1092499999999745,0.75,7.452598000000002,3.5792800000000398,False,NORMAL,NORMAL,0.8999999999999986,7.452598000000002,3.5792800000000398,True,HUMIDITY_SPIKE,2,SENSOR FAULT,HUMIDITY SPIKE,2,50.0,MEDIUM,MEDIUM,sudden humidity change; HUMIDITY_INCONSISTENCY,Inspect humidity sensor and verify calibration.
2026-09-07 10:00:00+05:30,34.95,46.95656,1005.0345,4.91634,0.1,0.1,NONE,1,False,0.03820593271152051,1.3500000000000014,-7.002153999999997,-0.17955000000006294,False,False,False,False,False,False,False,NORMAL,NORMAL,33.8,54.994694,1006.1359,34.05,54.88974,1001.5667,1.1500000000000057,8.038134,1.1014000000000124,0.9000000000000057,7.93318,3.467800000000011,False,NORMAL,NORMAL,1.1500000000000057,8.038134,3.467800000000011,False,NORMAL,0,NORMAL,NONE,0,0.0,LOW,NORMAL,All monitoring checks normal.,Continue normal monitoring.
2026-09-07 11:00:00+05:30,36.4,41.15093,1003.7609,6.037383,0.2,0.1,NONE,-1,True,-0.0014551610312101282,1.4499999999999957,-5.805630000000001,-1.2735999999999876,False,False,False,False,False,False,False,NORMAL,NORMAL,34.9,47.95557,1005.0519,35.3,47.479145,1000.309,1.5,6.804639999999999,1.2910000000000537,1.1000000000000014,6.328215,3.4519000000000233,False,NORMAL,NORMAL,1.5,6.804639999999999,3.4519000000000233,False,NORMAL,1,POSSIBLE ANOMALY,MULTIVARIATE ANOMALY,1,25.0,LOW,LOW,Isolation Forest anomaly,Investigate sensor readings and verify station health.
2026-09-07 12:00:00+05:30,36.2,42.24813,1003.06116,7.7879906,0.0,0.0,NONE,1,False,0.05209051625602079,-0.19999999999999574,1.0972000000000008,-0.6997400000000198,False,False,False,False,False,False,False,NORMAL,NORMAL,35.35,47.061104,1004.2593,35.6,47.55716,999.62195,0.8500000000000014,4.812973999999997,1.1981400000000804,0.6000000000000014,5.30903,3.4392100000000028,False,NORMAL,NORMAL,0.8500000000000014,5.30903,3.4392100000000028,False,NORMAL,0,NORMAL,NONE,0,0.0,LOW,NORMAL,All monitoring checks normal.,Continue normal monitoring.
2026-09-07 13:00:00+05:30,35.85,44.27149,1001.5628,11.975074,0.0,0.0,NONE,1,False,0.08023526942563525,-0.3500000000000014,2.0233599999999967,-1.4983599999999342,False,False,False,False,False,False,False,NORMAL,NORMAL,35.45,45.259,1002.6654,35.35,48.072258,998.1274,0.3999999999999986,0.9875100000000003,1.1025999999999385,0.5,3.800767999999998,3.4354000000000724,False,NORMAL,NORMAL,0.5,3.800767999999998,3.4354000000000724,False,NORMAL,0,NORMAL,NONE,0,0.0,LOW,NORMAL,All monitoring checks normal.,Continue normal monitoring.
2026-09-07 14:00:00+05:30,34.5,51.31622,1000.6473,17.273436,0.1,0.1,NONE,1,False,0.07212506156683346,-1.3500000000000014,7.044730000000001,-0.9155000000000655,False,False,False,False,False,False,False,NORMAL,NORMAL,34.45,51.45912,1001.65814,33.95,56.880543,997.0996,0.04999999999999716,0.14289999999999736,1.0108400000000302,0.5499999999999972,5.564323000000002,3.5476999999999634,False,NORMAL,NORMAL,0.5499999999999972,5.564323000000002,3.5476999999999634,False,NORMAL,0,NORMAL,NONE,0,0.0,LOW,NORMAL,All monitoring checks normal.,Continue normal monitoring.
2026-09-07 15:00:00+05:30,33.3,56.556114,1000.2319,19.759048,0.1,0.1,NONE,1,False,0.052145113806171706,-1.2000000000000028,5.239894,-0.4153999999999769,False,False,False,False,False,False,False,NORMAL,NORMAL,32.8,63.26317,1001.2415,32.55,63.5887,996.7657,0.5,6.7070560000000015,1.0095999999999776,0.75,7.032586000000002,3.466199999999958,False,NORMAL,NORMAL,0.75,7.032586000000002,3.466199999999958,False,NORMAL,0,NORMAL,NONE,0,0.0,LOW,NORMAL,All monitoring checks normal.,Continue normal monitoring.
2026-09-07 16:00:00+05:30,32.75,59.574173,1000.4228,15.96327,0.0,0.0,NONE,1,False,0.13406904007048692,-0.5499999999999972,3.018059000000001,0.19090000000005602,False,False,False,False,False,False,False,NORMAL,NORMAL,31.8,67.74366,1001.5296,31.95,66.37393,996.84955,0.9499999999999993,8.169487000000004,1.1067999999999074,0.8000000000000007,6.799757,3.57325000000003,False,NORMAL,NORMAL,0.9499999999999993,8.169487000000004,3.57325000000003,False,NORMAL,0,NORMAL,NONE,0,0.0,LOW,NORMAL,All monitoring checks normal.,Continue normal monitoring.
2026-09-07 17:00:00+05:30,31.55,67.49323,1000.8034,13.776762,0.0,0.0,NONE,1,False,0.16574770527935845,-1.1999999999999993,7.919056999999995,0.3805999999999585,False,False,False,False,False,False,False,NORMAL,NORMAL,30.8,73.00291,1001.91693,31.0,71.746284,997.3209,0.75,5.509680000000003,1.1135299999999688,0.5500000000000007,4.253054000000006,3.482499999999959,False,NORMAL,NORMAL,0.75,5.509680000000003,3.482499999999959,False,NORMAL,0,NORMAL,NONE,0,0.0,LOW,NORMAL,All monitoring checks normal.,Continue normal monitoring.
2026-09-07 18:00:00+05:30,30.85,72.14817,1002.0872,11.238113,0.0,0.0,NONE,1,False,0.18916658032835998,-0.6999999999999993,4.654939999999996,1.283800000000042,False,False,False,False,False,False,False,NORMAL,NORMAL,30.05,75.08227,1003.1047,30.35,74.46284,998.4942,0.8000000000000007,2.934100000000001,1.0174999999999272,0.5,2.3146700000000067,3.5930000000000746,False,NORMAL,NORMAL,0.8000000000000007,2.934100000000001,3.5930000000000746,False,NORMAL,0,NORMAL,NONE,0,0.0,LOW,NORMAL,All monitoring checks normal.,Continue normal monitoring.
2026-09-07 19:00:00+05:30,30.55,75.384895,1002.9788,9.144637,0.0,0.0,NONE,1,False,0.1884547896092293,-0.3000000000000007,3.236725000000007,0.8915999999999258,False,False,False,False,False,False,False,NORMAL,NORMAL,29.65,77.28862,1004.09686,29.95,76.87471,999.37665,0.9000000000000021,1.9037249999999943,1.118060000000014,0.6000000000000014,1.489814999999993,3.602149999999938,False,NORMAL,NORMAL,0.9000000000000021,1.9037249999999943,3.602149999999938,False,NORMAL,0,NORMAL,NONE,0,0.0,LOW,NORMAL,All monitoring checks normal.,Continue normal monitoring.
